{"sessionId":"08f52f","hypothesisId":"B","location":"CameraController.SetupForMap","message":"min_zoom_set","data":{"mapTilesWidth":256,"mapTilesHeight":256,"viewportW":1152,"viewportH":648,"zoomToFit":0.03515625,"MinZoom":0.03515625,"MaxZoom":2,"currentZoom":0.25,"targetZoom":0.5},"timestamp":1779371931867}
{"sessionId":"08f52f","hypothesisId":"C","location":"CameraController._UnhandledInput","message":"wheel_down","data":{"intro":false,"sel":"u0s0c0p0","zoom":0.35,"target":0.35},"timestamp":1779371933726}
{"sessionId":"08f52f","hypothesisId":"A","location":"CameraController.AdjustZoom","message":"applied","data":{"factor":0.85,"zoomUsed":0.35,"targetBefore":0.35,"targetAfter":0.2975,"MinZoom":0.03515625,"MaxZoom":2,"clampedToMin":false,"clampedToMax":false,"sel":"u0s0c0p0"},"timestamp":1779371933730}
{"sessionId":"08f52f","hypothesisId":"C","location":"CameraController._UnhandledInput","message":"wheel_down","data":{"intro":false,"sel":"u0s0c0p0","zoom":0.29823047,"target":0.2975},"timestamp":1779371933762}
{"sessionId":"08f52f","hypothesisId":"A","location":"CameraController.AdjustZoom","message":"applied","data":{"factor":0.85,"zoomUsed":0.29823047,"targetBefore":0.2975,"targetAfter":0.25287503,"MinZoom":0.03515625,"MaxZoom":2,"clampedToMin":false,"clampedToMax":false,"sel":"u0s0c0p0"},"timestamp":1779371933762}
{"sessionId":"08f52f","hypothesisId":"C","location":"CameraController._UnhandledInput","message":"wheel_down","data":{"intro":false,"sel":"u0s0c0p0","zoom":0.25328112,"target":0.25287503},"timestamp":1779371933789}
{"sessionId":"08f52f","hypothesisId":"A","location":"CameraController.AdjustZoom","message":"applied","data":{"factor":0.85,"zoomUsed":0.25328112,"targetBefore":0.25287503,"targetAfter":0.21494378,"MinZoom":0.03515625,"MaxZoom":2,"clampedToMin":false,"clampedToMax":false,"sel":"u0s0c0p0"},"timestamp":1779371933790}
{"sessionId":"08f52f","hypothesisId":"E","location":"CameraController._Process","message":"lerp_tick","data":{"runId":"post-fix","zoomBefore":0.21920349,"zoomAfter":0.21541709,"target":0.21494378,"dist":0.00066935515,"zoomValid":true,"sel":"u0s0c0p0"},"timestamp":1779371933805}
{"sessionId":"08f52f","hypothesisId":"C","location":"CameraController._UnhandledInput","message":"wheel_down","data":{"intro":false,"sel":"u0s0c0p0","zoom":0.21541709,"target":0.21494378},"timestamp":1779371934404}
{"sessionId":"08f52f","hypothesisId":"A","location":"CameraController.AdjustZoom","message":"applied","data":{"factor":0.85,"zoomUsed":0.21541709,"targetBefore":0.21494378,"targetAfter":0.18270221,"MinZoom":0.03515625,"MaxZoom":2,"clampedToMin":false,"clampedToMax":false,"sel":"u0s0c0p0"},"timestamp":1779371934404}
{"sessionId":"08f52f","hypothesisId":"C","location":"CameraController._UnhandledInput","message":"wheel_down","data":{"intro":false,"sel":"u8s0c0p0","zoom":0.18270221,"target":0.18270221},"timestamp":1779371943317}
{"sessionId":"08f52f","hypothesisId":"A","location":"CameraController.AdjustZoom","message":"applied","data":{"factor":0.85,"zoomUsed":0.18270221,"targetBefore":0.18270221,"targetAfter":0.15529689,"MinZoom":0.03515625,"MaxZoom":2,"clampedToMin":false,"clampedToMax":false,"sel":"u8s0c0p0"},"timestamp":1779371943318}
{"sessionId":"08f52f","hypothesisId":"C","location":"CameraController._UnhandledInput","message":"wheel_down","data":{"intro":false,"sel":"u8s0c0p0","zoom":0.15529689,"target":0.15529689},"timestamp":1779371943348}
{"sessionId":"08f52f","hypothesisId":"A","location":"CameraController.AdjustZoom","message":"applied","data":{"factor":0.85,"zoomUsed":0.15529689,"targetBefore":0.15529689,"targetAfter":0.13200237,"MinZoom":0.03515625,"MaxZoom":2,"clampedToMin":false,"clampedToMax":false,"sel":"u8s0c0p0"},"timestamp":1779371943348}
{"sessionId":"08f52f","hypothesisId":"C","location":"CameraController._UnhandledInput","message":"wheel_up","data":{"intro":false,"sel":"u8s0c0p0","zoom":0.13200237,"target":0.13200237},"timestamp":1779371943604}
{"sessionId":"08f52f","hypothesisId":"A","location":"CameraController.AdjustZoom","message":"applied","data":{"factor":1.15,"zoomUsed":0.13200237,"targetBefore":0.13200237,"targetAfter":0.15180272,"MinZoom":0.03515625,"MaxZoom":2,"clampedToMin":false,"clampedToMax":false,"sel":"u8s0c0p0"},"timestamp":1779371943605}
{"sessionId":"08f52f","hypothesisId":"E","location":"CameraController._Process","message":"lerp_tick","data":{"runId":"post-fix","zoomBefore":0.13200237,"zoomAfter":0.15180272,"target":0.15180272,"dist":0,"zoomValid":true,"sel":"u8s0c0p0"},"timestamp":1779371943610}
{"sessionId":"08f52f","hypothesisId":"C","location":"CameraController._UnhandledInput","message":"wheel_up","data":{"intro":false,"sel":"u8s0c0p0","zoom":0.15180272,"target":0.15180272},"timestamp":1779371943669}
{"sessionId":"08f52f","hypothesisId":"A","location":"CameraController.AdjustZoom","message":"applied","data":{"factor":1.15,"zoomUsed":0.15180272,"targetBefore":0.15180272,"targetAfter":0.17457312,"MinZoom":0.03515625,"MaxZoom":2,"clampedToMin":false,"clampedToMax":false,"sel":"u8s0c0p0"},"timestamp":1779371943669}
{"sessionId":"08f52f","hypothesisId":"C","location":"CameraController._UnhandledInput","message":"wheel_down","data":{"intro":false,"sel":"u8s0c0p0","zoom":0.17457312,"target":0.17457312},"timestamp":1779371943993}
{"sessionId":"08f52f","hypothesisId":"A","location":"CameraController.AdjustZoom","message":"applied","data":{"factor":0.85,"zoomUsed":0.17457312,"targetBefore":0.17457312,"targetAfter":0.14838716,"MinZoom":0.03515625,"MaxZoom":2,"clampedToMin":false,"clampedToMax":false,"sel":"u8s0c0p0"},"timestamp":1779371943994}
{"sessionId":"08f52f","hypothesisId":"C","location":"CameraController._UnhandledInput","message":"wheel_down","data":{"intro":false,"sel":"u8s0c0p0","zoom":0.14838716,"target":0.14838716},"timestamp":1779371944036}
{"sessionId":"08f52f","hypothesisId":"A","location":"CameraController.AdjustZoom","message":"applied","data":{"factor":0.85,"zoomUsed":0.14838716,"targetBefore":0.14838716,"targetAfter":0.12612909,"MinZoom":0.03515625,"MaxZoom":2,"clampedToMin":false,"clampedToMax":false,"sel":"u8s0c0p0"},"timestamp":1779371944036}
{"sessionId":"08f52f","hypothesisId":"E","location":"CameraController._Process","message":"lerp_tick","data":{"runId":"post-fix","zoomBefore":0.14838716,"zoomAfter":0.12612909,"target":0.12612909,"dist":0,"zoomValid":true,"sel":"u8s0c0p0"},"timestamp":1779371944079}
{"sessionId":"08f52f","hypothesisId":"C","location":"CameraController._UnhandledInput","message":"wheel_down","data":{"intro":false,"sel":"u8s0c0p0","zoom":0.12612909,"target":0.12612909},"timestamp":1779371944121}
{"sessionId":"08f52f","hypothesisId":"A","location":"CameraController.AdjustZoom","message":"applied","data":{"factor":0.85,"zoomUsed":0.12612909,"targetBefore":0.12612909,"targetAfter":0.10720973,"MinZoom":0.03515625,"MaxZoom":2,"clampedToMin":false,"clampedToMax":false,"sel":"u8s0c0p0"},"timestamp":1779371944121}
{"sessionId":"08f52f","hypothesisId":"C","location":"CameraController._UnhandledInput","message":"wheel_down","data":{"intro":false,"sel":"u8s0c0p0","zoom":0.10720973,"target":0.10720973},"timestamp":1779371944220}
{"sessionId":"08f52f","hypothesisId":"A","location":"CameraController.AdjustZoom","message":"applied","data":{"factor":0.85,"zoomUsed":0.10720973,"targetBefore":0.10720973,"targetAfter":0.09112827,"MinZoom":0.03515625,"MaxZoom":2,"clampedToMin":false,"clampedToMax":false,"sel":"u8s0c0p0"},"timestamp":1779371944220}
{"sessionId":"08f52f","hypothesisId":"C","location":"CameraController._UnhandledInput","message":"wheel_down","data":{"intro":false,"sel":"u8s0c0p0","zoom":0.09112827,"target":0.09112827},"timestamp":1779371944317}
{"sessionId":"08f52f","hypothesisId":"A","location":"CameraController.AdjustZoom","message":"applied","data":{"factor":0.85,"zoomUsed":0.09112827,"targetBefore":0.09112827,"targetAfter":0.07745903,"MinZoom":0.03515625,"MaxZoom":2,"clampedToMin":false,"clampedToMax":false,"sel":"u8s0c0p0"},"timestamp":1779371944317}
{"sessionId":"08f52f","hypothesisId":"E","location":"CameraController._Process","message":"lerp_tick","data":{"runId":"post-fix","zoomBefore":0.09112827,"zoomAfter":0.07745903,"target":0.07745903,"dist":0,"zoomValid":true,"sel":"u8s0c0p0"},"timestamp":1779371944330}
{"sessionId":"08f52f","hypothesisId":"C","location":"CameraController._UnhandledInput","message":"wheel_down","data":{"intro":false,"sel":"u8s0c0p0","zoom":0.07745903,"target":0.07745903},"timestamp":1779371944346}
{"sessionId":"08f52f","hypothesisId":"A","location":"CameraController.AdjustZoom","message":"applied","data":{"factor":0.85,"zoomUsed":0.07745903,"targetBefore":0.07745903,"targetAfter":0.06584018,"MinZoom":0.03515625,"MaxZoom":2,"clampedToMin":false,"clampedToMax":false,"sel":"u8s0c0p0"},"timestamp":1779371944346}
{"sessionId":"08f52f","hypothesisId":"C","location":"CameraController._UnhandledInput","message":"wheel_up","data":{"intro":false,"sel":"u8s0c0p0","zoom":0.06584018,"target":0.06584018},"timestamp":1779371944427}
{"sessionId":"08f52f","hypothesisId":"A","location":"CameraController.AdjustZoom","message":"applied","data":{"factor":1.15,"zoomUsed":0.06584018,"targetBefore":0.06584018,"targetAfter":0.075716205,"MinZoom":0.03515625,"MaxZoom":2,"clampedToMin":false,"clampedToMax":false,"sel":"u8s0c0p0"},"timestamp":1779371944427}
{"sessionId":"08f52f","hypothesisId":"C","location":"CameraController._UnhandledInput","message":"wheel_up","data":{"intro":false,"sel":"u8s0c0p0","zoom":0.075716205,"target":0.075716205},"timestamp":1779371944511}
{"sessionId":"08f52f","hypothesisId":"A","location":"CameraController.AdjustZoom","message":"applied","data":{"factor":1.15,"zoomUsed":0.075716205,"targetBefore":0.075716205,"targetAfter":0.08707363,"MinZoom":0.03515625,"MaxZoom":2,"clampedToMin":false,"clampedToMax":false,"sel":"u8s0c0p0"},"timestamp":1779371944512}
{"sessionId":"08f52f","hypothesisId":"E","location":"CameraController._Process","message":"lerp_tick","data":{"runId":"post-fix","zoomBefore":0.075716205,"zoomAfter":0.08707363,"target":0.08707363,"dist":0,"zoomValid":true,"sel":"u8s0c0p0"},"timestamp":1779371944547}
{"sessionId":"08f52f","hypothesisId":"C","location":"CameraController._UnhandledInput","message":"wheel_up","data":{"intro":false,"sel":"u8s0c0p0","zoom":0.08707363,"target":0.08707363},"timestamp":1779371944562}
{"sessionId":"08f52f","hypothesisId":"A","location":"CameraController.AdjustZoom","message":"applied","data":{"factor":1.15,"zoomUsed":0.08707363,"targetBefore":0.08707363,"targetAfter":0.10013467,"MinZoom":0.03515625,"MaxZoom":2,"clampedToMin":false,"clampedToMax":false,"sel":"u8s0c0p0"},"timestamp":1779371944562}
{"sessionId":"08f52f","hypothesisId":"C","location":"CameraController._UnhandledInput","message":"wheel_down","data":{"intro":false,"sel":"u8s0c0p0","zoom":0.10013467,"target":0.10013467},"timestamp":1779371944756}
{"sessionId":"08f52f","hypothesisId":"A","location":"CameraController.AdjustZoom","message":"applied","data":{"factor":0.85,"zoomUsed":0.10013467,"targetBefore":0.10013467,"targetAfter":0.08511447,"MinZoom":0.03515625,"MaxZoom":2,"clampedToMin":false,"clampedToMax":false,"sel":"u8s0c0p0"},"timestamp":1779371944756}
{"sessionId":"08f52f","hypothesisId":"E","location":"CameraController._Process","message":"lerp_tick","data":{"runId":"post-fix","zoomBefore":0.10013467,"zoomAfter":0.08511447,"target":0.08511447,"dist":0,"zoomValid":true,"sel":"u8s0c0p0"},"timestamp":1779371944781}
{"sessionId":"08f52f","hypothesisId":"C","location":"CameraController._UnhandledInput","message":"wheel_down","data":{"intro":false,"sel":"u8s0c0p0","zoom":0.08511447,"target":0.08511447},"timestamp":1779371944803}
{"sessionId":"08f52f","hypothesisId":"A","location":"CameraController.AdjustZoom","message":"applied","data":{"factor":0.85,"zoomUsed":0.08511447,"targetBefore":0.08511447,"targetAfter":0.072347306,"MinZoom":0.03515625,"MaxZoom":2,"clampedToMin":false,"clampedToMax":false,"sel":"u8s0c0p0"},"timestamp":1779371944803}
{"sessionId":"08f52f","hypothesisId":"C","location":"CameraController._UnhandledInput","message":"wheel_down","data":{"intro":false,"sel":"u8s0c0p0","zoom":0.072347306,"target":0.072347306},"timestamp":1779371944877}
{"sessionId":"08f52f","hypothesisId":"A","location":"CameraController.AdjustZoom","message":"applied","data":{"factor":0.85,"zoomUsed":0.072347306,"targetBefore":0.072347306,"targetAfter":0.06149521,"MinZoom":0.03515625,"MaxZoom":2,"clampedToMin":false,"clampedToMax":false,"sel":"u8s0c0p0"},"timestamp":1779371944878}
{"sessionId":"08f52f","hypothesisId":"E","location":"CameraController._Process","message":"lerp_tick","data":{"runId":"post-fix","zoomBefore":0.072347306,"zoomAfter":0.06149521,"target":0.06149521,"dist":0,"zoomValid":true,"sel":"u8s0c0p0"},"timestamp":1779371944918}
{"sessionId":"08f52f","hypothesisId":"C","location":"CameraController._UnhandledInput","message":"wheel_up","data":{"intro":false,"sel":"u8s0c0p0","zoom":0.06149521,"target":0.06149521},"timestamp":1779371945061}
{"sessionId":"08f52f","hypothesisId":"A","location":"CameraController.AdjustZoom","message":"applied","data":{"factor":1.15,"zoomUsed":0.06149521,"targetBefore":0.06149521,"targetAfter":0.07071949,"MinZoom":0.03515625,"MaxZoom":2,"clampedToMin":false,"clampedToMax":false,"sel":"u8s0c0p0"},"timestamp":1779371945062}
{"sessionId":"08f52f","hypothesisId":"C","location":"CameraController._UnhandledInput","message":"wheel_up","data":{"intro":false,"sel":"u8s0c0p0","zoom":0.07071949,"target":0.07071949},"timestamp":1779371945108}
{"sessionId":"08f52f","hypothesisId":"A","location":"CameraController.AdjustZoom","message":"applied","data":{"factor":1.15,"zoomUsed":0.07071949,"targetBefore":0.07071949,"targetAfter":0.08132741,"MinZoom":0.03515625,"MaxZoom":2,"clampedToMin":false,"clampedToMax":false,"sel":"u8s0c0p0"},"timestamp":1779371945109}
{"sessionId":"08f52f","hypothesisId":"C","location":"CameraController._UnhandledInput","message":"wheel_up","data":{"intro":false,"sel":"u8s0c0p0","zoom":0.08132741,"target":0.08132741},"timestamp":1779371945157}
{"sessionId":"08f52f","hypothesisId":"A","location":"CameraController.AdjustZoom","message":"applied","data":{"factor":1.15,"zoomUsed":0.08132741,"targetBefore":0.08132741,"targetAfter":0.09352652,"MinZoom":0.03515625,"MaxZoom":2,"clampedToMin":false,"clampedToMax":false,"sel":"u8s0c0p0"},"timestamp":1779371945158}
{"sessionId":"08f52f","hypothesisId":"E","location":"CameraController._Process","message":"lerp_tick","data":{"runId":"post-fix","zoomBefore":0.08132741,"zoomAfter":0.09352652,"target":0.09352652,"dist":0,"zoomValid":true,"sel":"u8s0c0p0"},"timestamp":1779371945191}
{"sessionId":"08f52f","hypothesisId":"C","location":"CameraController._UnhandledInput","message":"wheel_up","data":{"intro":false,"sel":"u8s0c0p0","zoom":0.09352652,"target":0.09352652},"timestamp":1779371946957}
{"sessionId":"08f52f","hypothesisId":"A","location":"CameraController.AdjustZoom","message":"applied","data":{"factor":1.15,"zoomUsed":0.09352652,"targetBefore":0.09352652,"targetAfter":0.10755549,"MinZoom":0.03515625,"MaxZoom":2,"clampedToMin":false,"clampedToMax":false,"sel":"u8s0c0p0"},"timestamp":1779371946957}
{"sessionId":"08f52f","hypothesisId":"C","location":"CameraController._UnhandledInput","message":"wheel_down","data":{"intro":false,"sel":"u8s0c0p0","zoom":0.10755549,"target":0.10755549},"timestamp":1779371947216}
{"sessionId":"08f52f","hypothesisId":"A","location":"CameraController.AdjustZoom","message":"applied","data":{"factor":0.85,"zoomUsed":0.10755549,"targetBefore":0.10755549,"targetAfter":0.09142217,"MinZoom":0.03515625,"MaxZoom":2,"clampedToMin":false,"clampedToMax":false,"sel":"u8s0c0p0"},"timestamp":1779371947217}
{"sessionId":"08f52f","hypothesisId":"E","location":"CameraController._Process","message":"lerp_tick","data":{"runId":"post-fix","zoomBefore":0.10755549,"zoomAfter":0.09142217,"target":0.09142217,"dist":0,"zoomValid":true,"sel":"u8s0c0p0"},"timestamp":1779371947258}
{"sessionId":"08f52f","hypothesisId":"C","location":"CameraController._UnhandledInput","message":"wheel_down","data":{"intro":false,"sel":"u8s0c0p0","zoom":0.09142217,"target":0.09142217},"timestamp":1779371947271}
{"sessionId":"08f52f","hypothesisId":"A","location":"CameraController.AdjustZoom","message":"applied","data":{"factor":0.85,"zoomUsed":0.09142217,"targetBefore":0.09142217,"targetAfter":0.07770885,"MinZoom":0.03515625,"MaxZoom":2,"clampedToMin":false,"clampedToMax":false,"sel":"u8s0c0p0"},"timestamp":1779371947272}
{"sessionId":"08f52f","hypothesisId":"C","location":"CameraController._UnhandledInput","message":"wheel_down","data":{"intro":false,"sel":"u8s0c0p0","zoom":0.07770885,"target":0.07770885},"timestamp":1779371947365}
{"sessionId":"08f52f","hypothesisId":"A","location":"CameraController.AdjustZoom","message":"applied","data":{"factor":0.85,"zoomUsed":0.07770885,"targetBefore":0.07770885,"targetAfter":0.06605252,"MinZoom":0.03515625,"MaxZoom":2,"clampedToMin":false,"clampedToMax":false,"sel":"u8s0c0p0"},"timestamp":1779371947366}
{"sessionId":"08f52f","hypothesisId":"E","location":"CameraController._Process","message":"lerp_tick","data":{"runId":"post-fix","zoomBefore":0.07770885,"zoomAfter":0.06605252,"target":0.06605252,"dist":0,"zoomValid":true,"sel":"u8s0c0p0"},"timestamp":1779371947390}
{"sessionId":"08f52f","hypothesisId":"C","location":"CameraController._UnhandledInput","message":"wheel_up","data":{"intro":false,"sel":"u8s0c0p0","zoom":0.06605252,"target":0.06605252},"timestamp":1779371947409}
{"sessionId":"08f52f","hypothesisId":"A","location":"CameraController.AdjustZoom","message":"applied","data":{"factor":1.15,"zoomUsed":0.06605252,"targetBefore":0.06605252,"targetAfter":0.0759604,"MinZoom":0.03515625,"MaxZoom":2,"clampedToMin":false,"clampedToMax":false,"sel":"u8s0c0p0"},"timestamp":1779371947410}
{"sessionId":"08f52f","hypothesisId":"C","location":"CameraController._UnhandledInput","message":"wheel_up","data":{"intro":false,"sel":"u8s0c0p0","zoom":0.0759604,"target":0.0759604},"timestamp":1779371947443}
{"sessionId":"08f52f","hypothesisId":"A","location":"CameraController.AdjustZoom","message":"applied","data":{"factor":1.15,"zoomUsed":0.0759604,"targetBefore":0.0759604,"targetAfter":0.08735446,"MinZoom":0.03515625,"MaxZoom":2,"clampedToMin":false,"clampedToMax":false,"sel":"u8s0c0p0"},"timestamp":1779371947444}
{"sessionId":"08f52f","hypothesisId":"E","location":"CameraController._Process","message":"lerp_tick","data":{"runId":"post-fix","zoomBefore":0.0759604,"zoomAfter":0.08735446,"target":0.08735446,"dist":0,"zoomValid":true,"sel":"u8s0c0p0"},"timestamp":1779371947480}
{"sessionId":"08f52f","hypothesisId":"C","location":"CameraController._UnhandledInput","message":"wheel_up","data":{"intro":false,"sel":"u8s0c0p0","zoom":0.08735446,"target":0.08735446},"timestamp":1779371947498}
{"sessionId":"08f52f","hypothesisId":"A","location":"CameraController.AdjustZoom","message":"applied","data":{"factor":1.15,"zoomUsed":0.08735446,"targetBefore":0.08735446,"targetAfter":0.10045762,"MinZoom":0.03515625,"MaxZoom":2,"clampedToMin":false,"clampedToMax":false,"sel":"u8s0c0p0"},"timestamp":1779371947498}
{"sessionId":"08f52f","hypothesisId":"C","location":"CameraController._UnhandledInput","message":"wheel_down","data":{"intro":false,"sel":"u8s0c0p0","zoom":0.10045762,"target":0.10045762},"timestamp":1779371947636}
{"sessionId":"08f52f","hypothesisId":"A","location":"CameraController.AdjustZoom","message":"applied","data":{"factor":0.85,"zoomUsed":0.10045762,"targetBefore":0.10045762,"targetAfter":0.08538898,"MinZoom":0.03515625,"MaxZoom":2,"clampedToMin":false,"clampedToMax":false,"sel":"u8s0c0p0"},"timestamp":1779371947637}
{"sessionId":"08f52f","hypothesisId":"E","location":"CameraController._Process","message":"lerp_tick","data":{"runId":"post-fix","zoomBefore":0.10045762,"zoomAfter":0.08538898,"target":0.08538898,"dist":0,"zoomValid":true,"sel":"u8s0c0p0"},"timestamp":1779371947655}
{"sessionId":"08f52f","hypothesisId":"C","location":"CameraController._UnhandledInput","message":"wheel_down","data":{"intro":false,"sel":"u8s0c0p0","zoom":0.08538898,"target":0.08538898},"timestamp":1779371947670}
{"sessionId":"08f52f","hypothesisId":"A","location":"CameraController.AdjustZoom","message":"applied","data":{"factor":0.85,"zoomUsed":0.08538898,"targetBefore":0.08538898,"targetAfter":0.072580636,"MinZoom":0.03515625,"MaxZoom":2,"clampedToMin":false,"clampedToMax":false,"sel":"u8s0c0p0"},"timestamp":1779371947670}
{"sessionId":"08f52f","hypothesisId":"C","location":"CameraController._UnhandledInput","message":"wheel_down","data":{"intro":false,"sel":"u8s0c0p0","zoom":0.072580636,"target":0.072580636},"timestamp":1779371947722}
{"sessionId":"08f52f","hypothesisId":"A","location":"CameraController.AdjustZoom","message":"applied","data":{"factor":0.85,"zoomUsed":0.072580636,"targetBefore":0.072580636,"targetAfter":0.06169354,"MinZoom":0.03515625,"MaxZoom":2,"clampedToMin":false,"clampedToMax":false,"sel":"u8s0c0p0"},"timestamp":1779371947723}
{"sessionId":"08f52f","hypothesisId":"E","location":"CameraController._Process","message":"lerp_tick","data":{"runId":"post-fix","zoomBefore":0.072580636,"zoomAfter":0.06169354,"target":0.06169354,"dist":0,"zoomValid":true,"sel":"u8s0c0p0"},"timestamp":1779371947769}
{"sessionId":"08f52f","hypothesisId":"C","location":"CameraController._UnhandledInput","message":"wheel_up","data":{"intro":false,"sel":"u8s0c0p0","zoom":0.06169354,"target":0.06169354},"timestamp":1779371947844}
{"sessionId":"08f52f","hypothesisId":"A","location":"CameraController.AdjustZoom","message":"applied","data":{"factor":1.15,"zoomUsed":0.06169354,"targetBefore":0.06169354,"targetAfter":0.07094757,"MinZoom":0.03515625,"MaxZoom":2,"clampedToMin":false,"clampedToMax":false,"sel":"u8s0c0p0"},"timestamp":1779371947845}
{"sessionId":"08f52f","hypothesisId":"C","location":"CameraController._UnhandledInput","message":"wheel_up","data":{"intro":false,"sel":"u8s0c0p0","zoom":0.07094757,"target":0.07094757},"timestamp":1779371947890}
{"sessionId":"08f52f","hypothesisId":"A","location":"CameraController.AdjustZoom","message":"applied","data":{"factor":1.15,"zoomUsed":0.07094757,"targetBefore":0.07094757,"targetAfter":0.081589706,"MinZoom":0.03515625,"MaxZoom":2,"clampedToMin":false,"clampedToMax":false,"sel":"u8s0c0p0"},"timestamp":1779371947891}
{"sessionId":"08f52f","hypothesisId":"E","location":"CameraController._Process","message":"lerp_tick","data":{"runId":"post-fix","zoomBefore":0.07094757,"zoomAfter":0.081589706,"target":0.081589706,"dist":0,"zoomValid":true,"sel":"u8s0c0p0"},"timestamp":1779371947923}
{"sessionId":"08f52f","hypothesisId":"C","location":"CameraController._UnhandledInput","message":"wheel_up","data":{"intro":false,"sel":"u8s0c0p0","zoom":0.081589706,"target":0.081589706},"timestamp":1779371947942}
{"sessionId":"08f52f","hypothesisId":"A","location":"CameraController.AdjustZoom","message":"applied","data":{"factor":1.15,"zoomUsed":0.081589706,"targetBefore":0.081589706,"targetAfter":0.09382816,"MinZoom":0.03515625,"MaxZoom":2,"clampedToMin":false,"clampedToMax":false,"sel":"u8s0c0p0"},"timestamp":1779371947942}
{"sessionId":"08f52f","hypothesisId":"C","location":"CameraController._UnhandledInput","message":"wheel_down","data":{"intro":false,"sel":"u8s0c0p0","zoom":0.09382816,"target":0.09382816},"timestamp":1779371948135}
{"sessionId":"08f52f","hypothesisId":"A","location":"CameraController.AdjustZoom","message":"applied","data":{"factor":0.85,"zoomUsed":0.09382816,"targetBefore":0.09382816,"targetAfter":0.079753935,"MinZoom":0.03515625,"MaxZoom":2,"clampedToMin":false,"clampedToMax":false,"sel":"u8s0c0p0"},"timestamp":1779371948136}
{"sessionId":"08f52f","hypothesisId":"E","location":"CameraController._Process","message":"lerp_tick","data":{"runId":"post-fix","zoomBefore":0.09382816,"zoomAfter":0.079753935,"target":0.079753935,"dist":0,"zoomValid":true,"sel":"u8s0c0p0"},"timestamp":1779371948160}
{"sessionId":"08f52f","hypothesisId":"C","location":"CameraController._UnhandledInput","message":"wheel_down","data":{"intro":false,"sel":"u8s0c0p0","zoom":0.079753935,"target":0.079753935},"timestamp":1779371948175}
{"sessionId":"08f52f","hypothesisId":"A","location":"CameraController.AdjustZoom","message":"applied","data":{"factor":0.85,"zoomUsed":0.079753935,"targetBefore":0.079753935,"targetAfter":0.06779084,"MinZoom":0.03515625,"MaxZoom":2,"clampedToMin":false,"clampedToMax":false,"sel":"u8s0c0p0"},"timestamp":1779371948175}
{"sessionId":"08f52f","hypothesisId":"C","location":"CameraController._UnhandledInput","message":"wheel_down","data":{"intro":false,"sel":"u8s0c0p0","zoom":0.06779084,"target":0.06779084},"timestamp":1779371948227}
{"sessionId":"08f52f","hypothesisId":"A","location":"CameraController.AdjustZoom","message":"applied","data":{"factor":0.85,"zoomUsed":0.06779084,"targetBefore":0.06779084,"targetAfter":0.05762222,"MinZoom":0.03515625,"MaxZoom":2,"clampedToMin":false,"clampedToMax":false,"sel":"u8s0c0p0"},"timestamp":1779371948228}
{"sessionId":"08f52f","hypothesisId":"E","location":"CameraController._Process","message":"lerp_tick","data":{"runId":"post-fix","zoomBefore":0.06779084,"zoomAfter":0.05762222,"target":0.05762222,"dist":0,"zoomValid":true,"sel":"u8s0c0p0"},"timestamp":1779371948250}
{"sessionId":"08f52f","hypothesisId":"C","location":"CameraController._UnhandledInput","message":"wheel_up","data":{"intro":false,"sel":"u8s0c0p0","zoom":0.05762222,"target":0.05762222},"timestamp":1779371948428}
{"sessionId":"08f52f","hypothesisId":"A","location":"CameraController.AdjustZoom","message":"applied","data":{"factor":1.15,"zoomUsed":0.05762222,"targetBefore":0.05762222,"targetAfter":0.06626555,"MinZoom":0.03515625,"MaxZoom":2,"clampedToMin":false,"clampedToMax":false,"sel":"u8s0c0p0"},"timestamp":1779371948428}
{"sessionId":"08f52f","hypothesisId":"C","location":"CameraController._UnhandledInput","message":"wheel_up","data":{"intro":false,"sel":"u8s0c0p0","zoom":0.06626555,"target":0.06626555},"timestamp":1779371948463}
{"sessionId":"08f52f","hypothesisId":"A","location":"CameraController.AdjustZoom","message":"applied","data":{"factor":1.15,"zoomUsed":0.06626555,"targetBefore":0.06626555,"targetAfter":0.07620539,"MinZoom":0.03515625,"MaxZoom":2,"clampedToMin":false,"clampedToMax":false,"sel":"u8s0c0p0"},"timestamp":1779371948463}
{"sessionId":"08f52f","hypothesisId":"E","location":"CameraController._Process","message":"lerp_tick","data":{"runId":"post-fix","zoomBefore":0.06626555,"zoomAfter":0.07620539,"target":0.07620539,"dist":0,"zoomValid":true,"sel":"u8s0c0p0"},"timestamp":1779371948496}
{"sessionId":"08f52f","hypothesisId":"C","location":"CameraController._UnhandledInput","message":"wheel_up","data":{"intro":false,"sel":"u8s0c0p0","zoom":0.07620539,"target":0.07620539},"timestamp":1779371948519}
{"sessionId":"08f52f","hypothesisId":"A","location":"CameraController.AdjustZoom","message":"applied","data":{"factor":1.15,"zoomUsed":0.07620539,"targetBefore":0.07620539,"targetAfter":0.087636195,"MinZoom":0.03515625,"MaxZoom":2,"clampedToMin":false,"clampedToMax":false,"sel":"u8s0c0p0"},"timestamp":1779371948519}
{"sessionId":"08f52f","hypothesisId":"C","location":"CameraController._UnhandledInput","message":"wheel_up","data":{"intro":false,"sel":"u8s0c0p0","zoom":0.087636195,"target":0.087636195},"timestamp":1779371948569}
{"sessionId":"08f52f","hypothesisId":"A","location":"CameraController.AdjustZoom","message":"applied","data":{"factor":1.15,"zoomUsed":0.087636195,"targetBefore":0.087636195,"targetAfter":0.10078162,"MinZoom":0.03515625,"MaxZoom":2,"clampedToMin":false,"clampedToMax":false,"sel":"u8s0c0p0"},"timestamp":1779371948569}
{"sessionId":"08f52f","hypothesisId":"E","location":"CameraController._Process","message":"lerp_tick","data":{"runId":"post-fix","zoomBefore":0.087636195,"zoomAfter":0.10078162,"target":0.10078162,"dist":0,"zoomValid":true,"sel":"u8s0c0p0"},"timestamp":1779371948597}
{"sessionId":"08f52f","hypothesisId":"C","location":"CameraController._UnhandledInput","message":"wheel_up","data":{"intro":false,"sel":"u8s0c0p0","zoom":0.10078162,"target":0.10078162},"timestamp":1779371948947}
{"sessionId":"08f52f","hypothesisId":"A","location":"CameraController.AdjustZoom","message":"applied","data":{"factor":1.15,"zoomUsed":0.10078162,"targetBefore":0.10078162,"targetAfter":0.11589886,"MinZoom":0.03515625,"MaxZoom":2,"clampedToMin":false,"clampedToMax":false,"sel":"u8s0c0p0"},"timestamp":1779371948948}
{"sessionId":"08f52f","hypothesisId":"C","location":"CameraController._UnhandledInput","message":"wheel_up","data":{"intro":false,"sel":"u8s0c0p0","zoom":0.11589886,"target":0.11589886},"timestamp":1779371948989}
{"sessionId":"08f52f","hypothesisId":"A","location":"CameraController.AdjustZoom","message":"applied","data":{"factor":1.15,"zoomUsed":0.11589886,"targetBefore":0.11589886,"targetAfter":0.13328369,"MinZoom":0.03515625,"MaxZoom":2,"clampedToMin":false,"clampedToMax":false,"sel":"u8s0c0p0"},"timestamp":1779371948989}
{"sessionId":"08f52f","hypothesisId":"E","location":"CameraController._Process","message":"lerp_tick","data":{"runId":"post-fix","zoomBefore":0.11589886,"zoomAfter":0.13328369,"target":0.13328369,"dist":0,"zoomValid":true,"sel":"u8s0c0p0"},"timestamp":1779371949015}
{"sessionId":"08f52f","hypothesisId":"C","location":"CameraController._UnhandledInput","message":"wheel_up","data":{"intro":false,"sel":"u8s0c0p0","zoom":0.13328369,"target":0.13328369},"timestamp":1779371949386}
{"sessionId":"08f52f","hypothesisId":"A","location":"CameraController.AdjustZoom","message":"applied","data":{"factor":1.15,"zoomUsed":0.13328369,"targetBefore":0.13328369,"targetAfter":0.15327623,"MinZoom":0.03515625,"MaxZoom":2,"clampedToMin":false,"clampedToMax":false,"sel":"u8s0c0p0"},"timestamp":1779371949387}
{"sessionId":"08f52f","hypothesisId":"C","location":"CameraController._UnhandledInput","message":"wheel_up","data":{"intro":false,"sel":"u8s0c0p0","zoom":0.15327623,"target":0.15327623},"timestamp":1779371949441}
{"sessionId":"08f52f","hypothesisId":"A","location":"CameraController.AdjustZoom","message":"applied","data":{"factor":1.15,"zoomUsed":0.15327623,"targetBefore":0.15327623,"targetAfter":0.17626767,"MinZoom":0.03515625,"MaxZoom":2,"clampedToMin":false,"clampedToMax":false,"sel":"u8s0c0p0"},"timestamp":1779371949442}
{"sessionId":"08f52f","hypothesisId":"E","location":"CameraController._Process","message":"lerp_tick","data":{"runId":"post-fix","zoomBefore":0.15327623,"zoomAfter":0.17626767,"target":0.17626767,"dist":0,"zoomValid":true,"sel":"u8s0c0p0"},"timestamp":1779371949472}
{"sessionId":"08f52f","hypothesisId":"C","location":"CameraController._UnhandledInput","message":"wheel_up","data":{"intro":false,"sel":"u8s0c0p0","zoom":0.17626767,"target":0.17626767},"timestamp":1779371949494}
{"sessionId":"08f52f","hypothesisId":"A","location":"CameraController.AdjustZoom","message":"applied","data":{"factor":1.15,"zoomUsed":0.17626767,"targetBefore":0.17626767,"targetAfter":0.20270781,"MinZoom":0.03515625,"MaxZoom":2,"clampedToMin":false,"clampedToMax":false,"sel":"u8s0c0p0"},"timestamp":1779371949494}
{"sessionId":"08f52f","hypothesisId":"C","location":"CameraController._UnhandledInput","message":"wheel_up","data":{"intro":false,"sel":"u8s0c0p0","zoom":0.20270781,"target":0.20270781},"timestamp":1779371949802}
{"sessionId":"08f52f","hypothesisId":"A","location":"CameraController.AdjustZoom","message":"applied","data":{"factor":1.15,"zoomUsed":0.20270781,"targetBefore":0.20270781,"targetAfter":0.23311397,"MinZoom":0.03515625,"MaxZoom":2,"clampedToMin":false,"clampedToMax":false,"sel":"u8s0c0p0"},"timestamp":1779371949802}
{"sessionId":"08f52f","hypothesisId":"E","location":"CameraController._Process","message":"lerp_tick","data":{"runId":"post-fix","zoomBefore":0.20270781,"zoomAfter":0.23311397,"target":0.23311397,"dist":0,"zoomValid":true,"sel":"u8s0c0p0"},"timestamp":1779371949847}
{"sessionId":"08f52f","hypothesisId":"C","location":"CameraController._UnhandledInput","message":"wheel_down","data":{"intro":false,"sel":"u8s0c0p0","zoom":0.23311397,"target":0.23311397},"timestamp":1779371949992}
{"sessionId":"08f52f","hypothesisId":"A","location":"CameraController.AdjustZoom","message":"applied","data":{"factor":0.85,"zoomUsed":0.23311397,"targetBefore":0.23311397,"targetAfter":0.19814688,"MinZoom":0.03515625,"MaxZoom":2,"clampedToMin":false,"clampedToMax":false,"sel":"u8s0c0p0"},"timestamp":1779371949992}
{"sessionId":"08f52f","hypothesisId":"C","location":"CameraController._UnhandledInput","message":"wheel_down","data":{"intro":false,"sel":"u8s0c0p0","zoom":0.19814688,"target":0.19814688},"timestamp":1779371950044}
{"sessionId":"08f52f","hypothesisId":"A","location":"CameraController.AdjustZoom","message":"applied","data":{"factor":0.85,"zoomUsed":0.19814688,"targetBefore":0.19814688,"targetAfter":0.16842486,"MinZoom":0.03515625,"MaxZoom":2,"clampedToMin":false,"clampedToMax":false,"sel":"u8s0c0p0"},"timestamp":1779371950045}
{"sessionId":"08f52f","hypothesisId":"E","location":"CameraController._Process","message":"lerp_tick","data":{"runId":"post-fix","zoomBefore":0.19814688,"zoomAfter":0.16842486,"target":0.16842486,"dist":0,"zoomValid":true,"sel":"u8s0c0p0"},"timestamp":1779371950096}
{"sessionId":"08f52f","hypothesisId":"C","location":"CameraController._UnhandledInput","message":"wheel_down","data":{"intro":false,"sel":"u8s0c0p0","zoom":0.16842486,"target":0.16842486},"timestamp":1779371950116}
{"sessionId":"08f52f","hypothesisId":"A","location":"CameraController.AdjustZoom","message":"applied","data":{"factor":0.85,"zoomUsed":0.16842486,"targetBefore":0.16842486,"targetAfter":0.14316113,"MinZoom":0.03515625,"MaxZoom":2,"clampedToMin":false,"clampedToMax":false,"sel":"u8s0c0p0"},"timestamp":1779371950117}
{"sessionId":"08f52f","hypothesisId":"C","location":"CameraController._UnhandledInput","message":"wheel_down","data":{"intro":false,"sel":"u8s0c0p0","zoom":0.14316113,"target":0.14316113},"timestamp":1779371952039}
{"sessionId":"08f52f","hypothesisId":"A","location":"CameraController.AdjustZoom","message":"applied","data":{"factor":0.85,"zoomUsed":0.14316113,"targetBefore":0.14316113,"targetAfter":0.121686965,"MinZoom":0.03515625,"MaxZoom":2,"clampedToMin":false,"clampedToMax":false,"sel":"u8s0c0p0"},"timestamp":1779371952039}
{"sessionId":"08f52f","hypothesisId":"E","location":"CameraController._Process","message":"lerp_tick","data":{"runId":"post-fix","zoomBefore":0.14316113,"zoomAfter":0.121686965,"target":0.121686965,"dist":0,"zoomValid":true,"sel":"u8s0c0p0"},"timestamp":1779371952105}
{"sessionId":"08f52f","hypothesisId":"C","location":"CameraController._UnhandledInput","message":"wheel_down","data":{"intro":false,"sel":"u8s0c0p0","zoom":0.121686965,"target":0.121686965},"timestamp":1779371952124}
{"sessionId":"08f52f","hypothesisId":"A","location":"CameraController.AdjustZoom","message":"applied","data":{"factor":0.85,"zoomUsed":0.121686965,"targetBefore":0.121686965,"targetAfter":0.10343392,"MinZoom":0.03515625,"MaxZoom":2,"clampedToMin":false,"clampedToMax":false,"sel":"u8s0c0p0"},"timestamp":1779371952125}
{"sessionId":"08f52f","hypothesisId":"E","location":"CameraController._Process","message":"lerp_tick","data":{"runId":"post-fix","zoomBefore":0.121686965,"zoomAfter":0.10343392,"target":0.10343392,"dist":0,"zoomValid":true,"sel":"u8s0c0p0"},"timestamp":1779371952189}
{"sessionId":"08f52f","hypothesisId":"C","location":"CameraController._UnhandledInput","message":"wheel_up","data":{"intro":false,"sel":"u8s0c0p0","zoom":0.10343392,"target":0.10343392},"timestamp":1779371952287}
{"sessionId":"08f52f","hypothesisId":"A","location":"CameraController.AdjustZoom","message":"applied","data":{"factor":1.15,"zoomUsed":0.10343392,"targetBefore":0.10343392,"targetAfter":0.11894901,"MinZoom":0.03515625,"MaxZoom":2,"clampedToMin":false,"clampedToMax":false,"sel":"u8s0c0p0"},"timestamp":1779371952287}
{"sessionId":"08f52f","hypothesisId":"E","location":"CameraController._Process","message":"lerp_tick","data":{"runId":"post-fix","zoomBefore":0.10343392,"zoomAfter":0.11894901,"target":0.11894901,"dist":0,"zoomValid":true,"sel":"u8s0c0p0"},"timestamp":1779371952355}
{"sessionId":"08f52f","hypothesisId":"C","location":"CameraController._UnhandledInput","message":"wheel_up","data":{"intro":false,"sel":"u8s0c0p0","zoom":0.11894901,"target":0.11894901},"timestamp":1779371952376}
{"sessionId":"08f52f","hypothesisId":"A","location":"CameraController.AdjustZoom","message":"applied","data":{"factor":1.15,"zoomUsed":0.11894901,"targetBefore":0.11894901,"targetAfter":0.13679136,"MinZoom":0.03515625,"MaxZoom":2,"clampedToMin":false,"clampedToMax":false,"sel":"u8s0c0p0"},"timestamp":1779371952377}
{"sessionId":"08f52f","hypothesisId":"E","location":"CameraController._Process","message":"lerp_tick","data":{"runId":"post-fix","zoomBefore":0.11894901,"zoomAfter":0.13679136,"target":0.13679136,"dist":0,"zoomValid":true,"sel":"u8s0c0p0"},"timestamp":1779371952435}
{"sessionId":"08f52f","hypothesisId":"C","location":"CameraController._UnhandledInput","message":"wheel_down","data":{"intro":false,"sel":"u8s0c0p0","zoom":0.13679136,"target":0.13679136},"timestamp":1779371952588}
{"sessionId":"08f52f","hypothesisId":"A","location":"CameraController.AdjustZoom","message":"applied","data":{"factor":0.85,"zoomUsed":0.13679136,"targetBefore":0.13679136,"targetAfter":0.116272666,"MinZoom":0.03515625,"MaxZoom":2,"clampedToMin":false,"clampedToMax":false,"sel":"u8s0c0p0"},"timestamp":1779371952588}
{"sessionId":"08f52f","hypothesisId":"C","location":"CameraController._UnhandledInput","message":"wheel_down","data":{"intro":false,"sel":"u8s0c0p0","zoom":0.116272666,"target":0.116272666},"timestamp":1779371952656}
{"sessionId":"08f52f","hypothesisId":"A","location":"CameraController.AdjustZoom","message":"applied","data":{"factor":0.85,"zoomUsed":0.116272666,"targetBefore":0.116272666,"targetAfter":0.098831765,"MinZoom":0.03515625,"MaxZoom":2,"clampedToMin":false,"clampedToMax":false,"sel":"u8s0c0p0"},"timestamp":1779371952657}
{"sessionId":"08f52f","hypothesisId":"E","location":"CameraController._Process","message":"lerp_tick","data":{"runId":"post-fix","zoomBefore":0.116272666,"zoomAfter":0.098831765,"target":0.098831765,"dist":0,"zoomValid":true,"sel":"u8s0c0p0"},"timestamp":1779371952695}
{"sessionId":"08f52f","hypothesisId":"C","location":"CameraController._UnhandledInput","message":"wheel_down","data":{"intro":false,"sel":"u8s0c0p0","zoom":0.098831765,"target":0.098831765},"timestamp":1779371952711}
{"sessionId":"08f52f","hypothesisId":"A","location":"CameraController.AdjustZoom","message":"applied","data":{"factor":0.85,"zoomUsed":0.098831765,"targetBefore":0.098831765,"targetAfter":0.084007,"MinZoom":0.03515625,"MaxZoom":2,"clampedToMin":false,"clampedToMax":false,"sel":"u8s0c0p0"},"timestamp":1779371952711}
{"sessionId":"08f52f","hypothesisId":"C","location":"CameraController._UnhandledInput","message":"wheel_down","data":{"intro":false,"sel":"u8s0c0p0","zoom":0.084007,"target":0.084007},"timestamp":1779371952786}
{"sessionId":"08f52f","hypothesisId":"A","location":"CameraController.AdjustZoom","message":"applied","data":{"factor":0.85,"zoomUsed":0.084007,"targetBefore":0.084007,"targetAfter":0.071405955,"MinZoom":0.03515625,"MaxZoom":2,"clampedToMin":false,"clampedToMax":false,"sel":"u8s0c0p0"},"timestamp":1779371952787}
{"sessionId":"08f52f","hypothesisId":"E","location":"CameraController._Process","message":"lerp_tick","data":{"runId":"post-fix","zoomBefore":0.084007,"zoomAfter":0.071405955,"target":0.071405955,"dist":0,"zoomValid":true,"sel":"u8s0c0p0"},"timestamp":1779371952843}
{"sessionId":"08f52f","hypothesisId":"C","location":"CameraController._UnhandledInput","message":"wheel_up","data":{"intro":false,"sel":"u8s0c0p0","zoom":0.071405955,"target":0.071405955},"timestamp":1779371953016}
{"sessionId":"08f52f","hypothesisId":"A","location":"CameraController.AdjustZoom","message":"applied","data":{"factor":1.15,"zoomUsed":0.071405955,"targetBefore":0.071405955,"targetAfter":0.08211685,"MinZoom":0.03515625,"MaxZoom":2,"clampedToMin":false,"clampedToMax":false,"sel":"u8s0c0p0"},"timestamp":1779371953017}
{"sessionId":"08f52f","hypothesisId":"E","location":"CameraController._Process","message":"lerp_tick","data":{"runId":"post-fix","zoomBefore":0.071405955,"zoomAfter":0.08211685,"target":0.08211685,"dist":0,"zoomValid":true,"sel":"u8s0c0p0"},"timestamp":1779371953096}
{"sessionId":"08f52f","hypothesisId":"C","location":"CameraController._UnhandledInput","message":"wheel_up","data":{"intro":false,"sel":"u8s0c0p0","zoom":0.08211685,"target":0.08211685},"timestamp":1779371953110}
{"sessionId":"08f52f","hypothesisId":"A","location":"CameraController.AdjustZoom","message":"applied","data":{"factor":1.15,"zoomUsed":0.08211685,"targetBefore":0.08211685,"targetAfter":0.09443437,"MinZoom":0.03515625,"MaxZoom":2,"clampedToMin":false,"clampedToMax":false,"sel":"u8s0c0p0"},"timestamp":1779371953111}
{"sessionId":"08f52f","hypothesisId":"E","location":"CameraController._Process","message":"lerp_tick","data":{"runId":"post-fix","zoomBefore":0.08211685,"zoomAfter":0.09443437,"target":0.09443437,"dist":0,"zoomValid":true,"sel":"u8s0c0p0"},"timestamp":1779371953176}
{"sessionId":"08f52f","hypothesisId":"C","location":"CameraController._UnhandledInput","message":"wheel_up","data":{"intro":false,"sel":"u8s0c0p0","zoom":0.09443437,"target":0.09443437},"timestamp":1779371954309}
{"sessionId":"08f52f","hypothesisId":"A","location":"CameraController.AdjustZoom","message":"applied","data":{"factor":1.15,"zoomUsed":0.09443437,"targetBefore":0.09443437,"targetAfter":0.10859953,"MinZoom":0.03515625,"MaxZoom":2,"clampedToMin":false,"clampedToMax":false,"sel":"u8s0c0p0"},"timestamp":1779371954310}
{"sessionId":"08f52f","hypothesisId":"C","location":"CameraController._UnhandledInput","message":"wheel_up","data":{"intro":false,"sel":"u8s0c0p0","zoom":0.10859953,"target":0.10859953},"timestamp":1779371954373}
{"sessionId":"08f52f","hypothesisId":"A","location":"CameraController.AdjustZoom","message":"applied","data":{"factor":1.15,"zoomUsed":0.10859953,"targetBefore":0.10859953,"targetAfter":0.124889456,"MinZoom":0.03515625,"MaxZoom":2,"clampedToMin":false,"clampedToMax":false,"sel":"u8s0c0p0"},"timestamp":1779371954373}
{"sessionId":"08f52f","hypothesisId":"E","location":"CameraController._Process","message":"lerp_tick","data":{"runId":"post-fix","zoomBefore":0.10859953,"zoomAfter":0.124889456,"target":0.124889456,"dist":0,"zoomValid":true,"sel":"u8s0c0p0"},"timestamp":1779371954427}
{"sessionId":"08f52f","hypothesisId":"C","location":"CameraController._UnhandledInput","message":"wheel_up","data":{"intro":false,"sel":"u8s0c0p0","zoom":0.124889456,"target":0.124889456},"timestamp":1779371954440}
{"sessionId":"08f52f","hypothesisId":"A","location":"CameraController.AdjustZoom","message":"applied","data":{"factor":1.15,"zoomUsed":0.124889456,"targetBefore":0.124889456,"targetAfter":0.14362288,"MinZoom":0.03515625,"MaxZoom":2,"clampedToMin":false,"clampedToMax":false,"sel":"u8s0c0p0"},"timestamp":1779371954441}
{"sessionId":"08f52f","hypothesisId":"C","location":"CameraController._UnhandledInput","message":"wheel_up","data":{"intro":false,"sel":"u8s0c0p0","zoom":0.14362288,"target":0.14362288},"timestamp":1779371954695}
{"sessionId":"08f52f","hypothesisId":"A","location":"CameraController.AdjustZoom","message":"applied","data":{"factor":1.15,"zoomUsed":0.14362288,"targetBefore":0.14362288,"targetAfter":0.1651663,"MinZoom":0.03515625,"MaxZoom":2,"clampedToMin":false,"clampedToMax":false,"sel":"u8s0c0p0"},"timestamp":1779371954695}
{"sessionId":"08f52f","hypothesisId":"E","location":"CameraController._Process","message":"lerp_tick","data":{"runId":"post-fix","zoomBefore":0.14362288,"zoomAfter":0.1651663,"target":0.1651663,"dist":0,"zoomValid":true,"sel":"u8s0c0p0"},"timestamp":1779371954738}
{"sessionId":"08f52f","hypothesisId":"C","location":"CameraController._UnhandledInput","message":"wheel_up","data":{"intro":false,"sel":"u8s0c0p0","zoom":0.1651663,"target":0.1651663},"timestamp":1779371954758}
{"sessionId":"08f52f","hypothesisId":"A","location":"CameraController.AdjustZoom","message":"applied","data":{"factor":1.15,"zoomUsed":0.1651663,"targetBefore":0.1651663,"targetAfter":0.18994124,"MinZoom":0.03515625,"MaxZoom":2,"clampedToMin":false,"clampedToMax":false,"sel":"u8s0c0p0"},"timestamp":1779371954759}
{"sessionId":"08f52f","hypothesisId":"C","location":"CameraController._UnhandledInput","message":"wheel_up","data":{"intro":false,"sel":"u8s0c0p0","zoom":0.18994124,"target":0.18994124},"timestamp":1779371955010}
{"sessionId":"08f52f","hypothesisId":"A","location":"CameraController.AdjustZoom","message":"applied","data":{"factor":1.15,"zoomUsed":0.18994124,"targetBefore":0.18994124,"targetAfter":0.21843243,"MinZoom":0.03515625,"MaxZoom":2,"clampedToMin":false,"clampedToMax":false,"sel":"u8s0c0p0"},"timestamp":1779371955010}
{"sessionId":"08f52f","hypothesisId":"E","location":"CameraController._Process","message":"lerp_tick","data":{"runId":"post-fix","zoomBefore":0.18994124,"zoomAfter":0.21843243,"target":0.21843243,"dist":0,"zoomValid":true,"sel":"u8s0c0p0"},"timestamp":1779371955049}
{"sessionId":"08f52f","hypothesisId":"C","location":"CameraController._UnhandledInput","message":"wheel_up","data":{"intro":false,"sel":"u8s0c0p0","zoom":0.21843243,"target":0.21843243},"timestamp":1779371955063}
{"sessionId":"08f52f","hypothesisId":"A","location":"CameraController.AdjustZoom","message":"applied","data":{"factor":1.15,"zoomUsed":0.21843243,"targetBefore":0.21843243,"targetAfter":0.25119728,"MinZoom":0.03515625,"MaxZoom":2,"clampedToMin":false,"clampedToMax":false,"sel":"u8s0c0p0"},"timestamp":1779371955064}
{"sessionId":"08f52f","hypothesisId":"C","location":"CameraController._UnhandledInput","message":"wheel_down","data":{"intro":false,"sel":"u8s0c0p0","zoom":0.25119728,"target":0.25119728},"timestamp":1779371955279}
{"sessionId":"08f52f","hypothesisId":"A","location":"CameraController.AdjustZoom","message":"applied","data":{"factor":0.85,"zoomUsed":0.25119728,"targetBefore":0.25119728,"targetAfter":0.2135177,"MinZoom":0.03515625,"MaxZoom":2,"clampedToMin":false,"clampedToMax":false,"sel":"u8s0c0p0"},"timestamp":1779371955279}
{"sessionId":"08f52f","hypothesisId":"E","location":"CameraController._Process","message":"lerp_tick","data":{"runId":"post-fix","zoomBefore":0.25119728,"zoomAfter":0.2135177,"target":0.2135177,"dist":0,"zoomValid":true,"sel":"u8s0c0p0"},"timestamp":1779371955319}
{"sessionId":"08f52f","hypothesisId":"C","location":"CameraController._UnhandledInput","message":"wheel_down","data":{"intro":false,"sel":"u8s0c0p0","zoom":0.2135177,"target":0.2135177},"timestamp":1779371955337}
{"sessionId":"08f52f","hypothesisId":"A","location":"CameraController.AdjustZoom","message":"applied","data":{"factor":0.85,"zoomUsed":0.2135177,"targetBefore":0.2135177,"targetAfter":0.18149005,"MinZoom":0.03515625,"MaxZoom":2,"clampedToMin":false,"clampedToMax":false,"sel":"u8s0c0p0"},"timestamp":1779371955337}
{"sessionId":"08f52f","hypothesisId":"C","location":"CameraController._UnhandledInput","message":"wheel_down","data":{"intro":false,"sel":"u8s0c0p0","zoom":0.18149005,"target":0.18149005},"timestamp":1779371955392}
{"sessionId":"08f52f","hypothesisId":"A","location":"CameraController.AdjustZoom","message":"applied","data":{"factor":0.85,"zoomUsed":0.18149005,"targetBefore":0.18149005,"targetAfter":0.15426655,"MinZoom":0.03515625,"MaxZoom":2,"clampedToMin":false,"clampedToMax":false,"sel":"u8s0c0p0"},"timestamp":1779371955392}
{"sessionId":"08f52f","hypothesisId":"E","location":"CameraController._Process","message":"lerp_tick","data":{"runId":"post-fix","zoomBefore":0.18149005,"zoomAfter":0.15426655,"target":0.15426655,"dist":0,"zoomValid":true,"sel":"u8s0c0p0"},"timestamp":1779371955425}
{"sessionId":"08f52f","hypothesisId":"C","location":"CameraController._UnhandledInput","message":"wheel_up","data":{"intro":false,"sel":"u8s0c0p0","zoom":0.15426655,"target":0.15426655},"timestamp":1779371955602}
{"sessionId":"08f52f","hypothesisId":"A","location":"CameraController.AdjustZoom","message":"applied","data":{"factor":1.15,"zoomUsed":0.15426655,"targetBefore":0.15426655,"targetAfter":0.17740653,"MinZoom":0.03515625,"MaxZoom":2,"clampedToMin":false,"clampedToMax":false,"sel":"u8s0c0p0"},"timestamp":1779371955602}
{"sessionId":"08f52f","hypothesisId":"C","location":"CameraController._UnhandledInput","message":"wheel_up","data":{"intro":false,"sel":"u8s0c0p0","zoom":0.17740653,"target":0.17740653},"timestamp":1779371955656}
{"sessionId":"08f52f","hypothesisId":"A","location":"CameraController.AdjustZoom","message":"applied","data":{"factor":1.15,"zoomUsed":0.17740653,"targetBefore":0.17740653,"targetAfter":0.2040175,"MinZoom":0.03515625,"MaxZoom":2,"clampedToMin":false,"clampedToMax":false,"sel":"u8s0c0p0"},"timestamp":1779371955657}
{"sessionId":"08f52f","hypothesisId":"E","location":"CameraController._Process","message":"lerp_tick","data":{"runId":"post-fix","zoomBefore":0.17740653,"zoomAfter":0.2040175,"target":0.2040175,"dist":0,"zoomValid":true,"sel":"u8s0c0p0"},"timestamp":1779371955696}
{"sessionId":"08f52f","hypothesisId":"C","location":"CameraController._UnhandledInput","message":"wheel_down","data":{"intro":false,"sel":"u8s0c0p0","zoom":0.2040175,"target":0.2040175},"timestamp":1779371955909}
{"sessionId":"08f52f","hypothesisId":"A","location":"CameraController.AdjustZoom","message":"applied","data":{"factor":0.85,"zoomUsed":0.2040175,"targetBefore":0.2040175,"targetAfter":0.17341489,"MinZoom":0.03515625,"MaxZoom":2,"clampedToMin":false,"clampedToMax":false,"sel":"u8s0c0p0"},"timestamp":1779371955909}
{"sessionId":"08f52f","hypothesisId":"C","location":"CameraController._UnhandledInput","message":"wheel_down","data":{"intro":false,"sel":"u8s0c0p0","zoom":0.17341489,"target":0.17341489},"timestamp":1779371955966}
{"sessionId":"08f52f","hypothesisId":"A","location":"CameraController.AdjustZoom","message":"applied","data":{"factor":0.85,"zoomUsed":0.17341489,"targetBefore":0.17341489,"targetAfter":0.14740266,"MinZoom":0.03515625,"MaxZoom":2,"clampedToMin":false,"clampedToMax":false,"sel":"u8s0c0p0"},"timestamp":1779371955966}
{"sessionId":"08f52f","hypothesisId":"E","location":"CameraController._Process","message":"lerp_tick","data":{"runId":"post-fix","zoomBefore":0.17341489,"zoomAfter":0.14740266,"target":0.14740266,"dist":0,"zoomValid":true,"sel":"u8s0c0p0"},"timestamp":1779371956003}
{"sessionId":"08f52f","hypothesisId":"C","location":"CameraController._UnhandledInput","message":"wheel_down","data":{"intro":false,"sel":"u8s0c0p0","zoom":0.14740266,"target":0.14740266},"timestamp":1779371956021}
{"sessionId":"08f52f","hypothesisId":"A","location":"CameraController.AdjustZoom","message":"applied","data":{"factor":0.85,"zoomUsed":0.14740266,"targetBefore":0.14740266,"targetAfter":0.12529226,"MinZoom":0.03515625,"MaxZoom":2,"clampedToMin":false,"clampedToMax":false,"sel":"u8s0c0p0"},"timestamp":1779371956022}
{"sessionId":"08f52f","hypothesisId":"C","location":"CameraController._UnhandledInput","message":"wheel_down","data":{"intro":false,"sel":"u8s0c0p0","zoom":0.12529226,"target":0.12529226},"timestamp":1779371956068}
{"sessionId":"08f52f","hypothesisId":"A","location":"CameraController.AdjustZoom","message":"applied","data":{"factor":0.85,"zoomUsed":0.12529226,"targetBefore":0.12529226,"targetAfter":0.10649842,"MinZoom":0.03515625,"MaxZoom":2,"clampedToMin":false,"clampedToMax":false,"sel":"u8s0c0p0"},"timestamp":1779371956068}
{"sessionId":"08f52f","hypothesisId":"E","location":"CameraController._Process","message":"lerp_tick","data":{"runId":"post-fix","zoomBefore":0.12529226,"zoomAfter":0.10649842,"target":0.10649842,"dist":0,"zoomValid":true,"sel":"u8s0c0p0"},"timestamp":1779371956142}
{"sessionId":"08f52f","hypothesisId":"C","location":"CameraController._UnhandledInput","message":"wheel_down","data":{"intro":false,"sel":"u8s0c0p0","zoom":0.10649842,"target":0.10649842},"timestamp":1779371956302}
{"sessionId":"08f52f","hypothesisId":"A","location":"CameraController.AdjustZoom","message":"applied","data":{"factor":0.85,"zoomUsed":0.10649842,"targetBefore":0.10649842,"targetAfter":0.09052366,"MinZoom":0.03515625,"MaxZoom":2,"clampedToMin":false,"clampedToMax":false,"sel":"u8s0c0p0"},"timestamp":1779371956303}
{"sessionId":"08f52f","hypothesisId":"C","location":"CameraController._UnhandledInput","message":"wheel_up","data":{"intro":false,"sel":"u8s0c0p0","zoom":0.09052366,"target":0.09052366},"timestamp":1779371956366}
{"sessionId":"08f52f","hypothesisId":"A","location":"CameraController.AdjustZoom","message":"applied","data":{"factor":1.15,"zoomUsed":0.09052366,"targetBefore":0.09052366,"targetAfter":0.10410221,"MinZoom":0.03515625,"MaxZoom":2,"clampedToMin":false,"clampedToMax":false,"sel":"u8s0c0p0"},"timestamp":1779371956367}
{"sessionId":"08f52f","hypothesisId":"E","location":"CameraController._Process","message":"lerp_tick","data":{"runId":"post-fix","zoomBefore":0.09052366,"zoomAfter":0.10410221,"target":0.10410221,"dist":0,"zoomValid":true,"sel":"u8s0c0p0"},"timestamp":1779371956426}
{"sessionId":"08f52f","hypothesisId":"C","location":"CameraController._UnhandledInput","message":"wheel_up","data":{"intro":false,"sel":"u8s0c0p0","zoom":0.10410221,"target":0.10410221},"timestamp":1779371956445}
{"sessionId":"08f52f","hypothesisId":"A","location":"CameraController.AdjustZoom","message":"applied","data":{"factor":1.15,"zoomUsed":0.10410221,"targetBefore":0.10410221,"targetAfter":0.11971754,"MinZoom":0.03515625,"MaxZoom":2,"clampedToMin":false,"clampedToMax":false,"sel":"u8s0c0p0"},"timestamp":1779371956445}
{"sessionId":"08f52f","hypothesisId":"C","location":"CameraController._UnhandledInput","message":"wheel_up","data":{"intro":false,"sel":"u8s0c0p0","zoom":0.11971754,"target":0.11971754},"timestamp":1779371956508}
{"sessionId":"08f52f","hypothesisId":"A","location":"CameraController.AdjustZoom","message":"applied","data":{"factor":1.15,"zoomUsed":0.11971754,"targetBefore":0.11971754,"targetAfter":0.13767517,"MinZoom":0.03515625,"MaxZoom":2,"clampedToMin":false,"clampedToMax":false,"sel":"u8s0c0p0"},"timestamp":1779371956508}
{"sessionId":"08f52f","hypothesisId":"E","location":"CameraController._Process","message":"lerp_tick","data":{"runId":"post-fix","zoomBefore":0.11971754,"zoomAfter":0.13767517,"target":0.13767517,"dist":0,"zoomValid":true,"sel":"u8s0c0p0"},"timestamp":1779371956559}
{"sessionId":"08f52f","hypothesisId":"C","location":"CameraController._UnhandledInput","message":"wheel_down","data":{"intro":false,"sel":"u8s0c0p0","zoom":0.13767517,"target":0.13767517},"timestamp":1779371956748}
{"sessionId":"08f52f","hypothesisId":"A","location":"CameraController.AdjustZoom","message":"applied","data":{"factor":0.85,"zoomUsed":0.13767517,"targetBefore":0.13767517,"targetAfter":0.11702389,"MinZoom":0.03515625,"MaxZoom":2,"clampedToMin":false,"clampedToMax":false,"sel":"u8s0c0p0"},"timestamp":1779371956749}
{"sessionId":"08f52f","hypothesisId":"C","location":"CameraController._UnhandledInput","message":"wheel_down","data":{"intro":false,"sel":"u8s0c0p0","zoom":0.11702389,"target":0.11702389},"timestamp":1779371956808}
{"sessionId":"08f52f","hypothesisId":"A","location":"CameraController.AdjustZoom","message":"applied","data":{"factor":0.85,"zoomUsed":0.11702389,"targetBefore":0.11702389,"targetAfter":0.09947031,"MinZoom":0.03515625,"MaxZoom":2,"clampedToMin":false,"clampedToMax":false,"sel":"u8s0c0p0"},"timestamp":1779371956808}
{"sessionId":"08f52f","hypothesisId":"E","location":"CameraController._Process","message":"lerp_tick","data":{"runId":"post-fix","zoomBefore":0.11702389,"zoomAfter":0.09947031,"target":0.09947031,"dist":0,"zoomValid":true,"sel":"u8s0c0p0"},"timestamp":1779371956845}
{"sessionId":"08f52f","hypothesisId":"C","location":"CameraController._UnhandledInput","message":"wheel_down","data":{"intro":false,"sel":"u8s0c0p0","zoom":0.09947031,"target":0.09947031},"timestamp":1779371956859}
{"sessionId":"08f52f","hypothesisId":"A","location":"CameraController.AdjustZoom","message":"applied","data":{"factor":0.85,"zoomUsed":0.09947031,"targetBefore":0.09947031,"targetAfter":0.08454976,"MinZoom":0.03515625,"MaxZoom":2,"clampedToMin":false,"clampedToMax":false,"sel":"u8s0c0p0"},"timestamp":1779371956860}
{"sessionId":"08f52f","hypothesisId":"C","location":"CameraController._UnhandledInput","message":"wheel_down","data":{"intro":false,"sel":"u8s0c0p0","zoom":0.08454976,"target":0.08454976},"timestamp":1779371956911}
{"sessionId":"08f52f","hypothesisId":"A","location":"CameraController.AdjustZoom","message":"applied","data":{"factor":0.85,"zoomUsed":0.08454976,"targetBefore":0.08454976,"targetAfter":0.0718673,"MinZoom":0.03515625,"MaxZoom":2,"clampedToMin":false,"clampedToMax":false,"sel":"u8s0c0p0"},"timestamp":1779371956912}
{"sessionId":"08f52f","hypothesisId":"E","location":"CameraController._Process","message":"lerp_tick","data":{"runId":"post-fix","zoomBefore":0.08454976,"zoomAfter":0.0718673,"target":0.0718673,"dist":0,"zoomValid":true,"sel":"u8s0c0p0"},"timestamp":1779371956967}
{"sessionId":"08f52f","hypothesisId":"C","location":"CameraController._UnhandledInput","message":"wheel_up","data":{"intro":false,"sel":"u8s0c0p0","zoom":0.0718673,"target":0.0718673},"timestamp":1779371957154}
{"sessionId":"08f52f","hypothesisId":"A","location":"CameraController.AdjustZoom","message":"applied","data":{"factor":1.15,"zoomUsed":0.0718673,"targetBefore":0.0718673,"targetAfter":0.0826474,"MinZoom":0.03515625,"MaxZoom":2,"clampedToMin":false,"clampedToMax":false,"sel":"u8s0c0p0"},"timestamp":1779371957154}
{"sessionId":"08f52f","hypothesisId":"C","location":"CameraController._UnhandledInput","message":"wheel_up","data":{"intro":false,"sel":"u8s0c0p0","zoom":0.0826474,"target":0.0826474},"timestamp":1779371957224}
{"sessionId":"08f52f","hypothesisId":"A","location":"CameraController.AdjustZoom","message":"applied","data":{"factor":1.15,"zoomUsed":0.0826474,"targetBefore":0.0826474,"targetAfter":0.09504451,"MinZoom":0.03515625,"MaxZoom":2,"clampedToMin":false,"clampedToMax":false,"sel":"u8s0c0p0"},"timestamp":1779371957225}
{"sessionId":"08f52f","hypothesisId":"E","location":"CameraController._Process","message":"lerp_tick","data":{"runId":"post-fix","zoomBefore":0.0826474,"zoomAfter":0.09504451,"target":0.09504451,"dist":0,"zoomValid":true,"sel":"u8s0c0p0"},"timestamp":1779371957258}
{"sessionId":"08f52f","hypothesisId":"C","location":"CameraController._UnhandledInput","message":"wheel_up","data":{"intro":false,"sel":"u8s0c0p0","zoom":0.09504451,"target":0.09504451},"timestamp":1779371957487}
{"sessionId":"08f52f","hypothesisId":"A","location":"CameraController.AdjustZoom","message":"applied","data":{"factor":1.15,"zoomUsed":0.09504451,"targetBefore":0.09504451,"targetAfter":0.10930118,"MinZoom":0.03515625,"MaxZoom":2,"clampedToMin":false,"clampedToMax":false,"sel":"u8s0c0p0"},"timestamp":1779371957488}
{"sessionId":"08f52f","hypothesisId":"C","location":"CameraController._UnhandledInput","message":"wheel_down","data":{"intro":false,"sel":"u8s0c0p0","zoom":0.10930118,"target":0.10930118},"timestamp":1779371957675}
{"sessionId":"08f52f","hypothesisId":"A","location":"CameraController.AdjustZoom","message":"applied","data":{"factor":0.85,"zoomUsed":0.10930118,"targetBefore":0.10930118,"targetAfter":0.092906006,"MinZoom":0.03515625,"MaxZoom":2,"clampedToMin":false,"clampedToMax":false,"sel":"u8s0c0p0"},"timestamp":1779371957675}
{"sessionId":"08f52f","hypothesisId":"E","location":"CameraController._Process","message":"lerp_tick","data":{"runId":"post-fix","zoomBefore":0.10930118,"zoomAfter":0.092906006,"target":0.092906006,"dist":0,"zoomValid":true,"sel":"u8s0c0p0"},"timestamp":1779371957693}
{"sessionId":"08f52f","hypothesisId":"C","location":"CameraController._UnhandledInput","message":"wheel_down","data":{"intro":false,"sel":"u8s0c0p0","zoom":0.092906006,"target":0.092906006},"timestamp":1779371957707}
{"sessionId":"08f52f","hypothesisId":"A","location":"CameraController.AdjustZoom","message":"applied","data":{"factor":0.85,"zoomUsed":0.092906006,"targetBefore":0.092906006,"targetAfter":0.078970104,"MinZoom":0.03515625,"MaxZoom":2,"clampedToMin":false,"clampedToMax":false,"sel":"u8s0c0p0"},"timestamp":1779371957708}
{"sessionId":"08f52f","hypothesisId":"C","location":"CameraController._UnhandledInput","message":"wheel_down","data":{"intro":false,"sel":"u8s0c0p0","zoom":0.078970104,"target":0.078970104},"timestamp":1779371957754}
{"sessionId":"08f52f","hypothesisId":"A","location":"CameraController.AdjustZoom","message":"applied","data":{"factor":0.85,"zoomUsed":0.078970104,"targetBefore":0.078970104,"targetAfter":0.06712459,"MinZoom":0.03515625,"MaxZoom":2,"clampedToMin":false,"clampedToMax":false,"sel":"u8s0c0p0"},"timestamp":1779371957754}
{"sessionId":"08f52f","hypothesisId":"C","location":"CameraController._UnhandledInput","message":"wheel_up","data":{"intro":false,"sel":"u8s0c0p0","zoom":0.06712459,"target":0.06712459},"timestamp":1779371957992}
{"sessionId":"08f52f","hypothesisId":"A","location":"CameraController.AdjustZoom","message":"applied","data":{"factor":1.15,"zoomUsed":0.06712459,"targetBefore":0.06712459,"targetAfter":0.077193275,"MinZoom":0.03515625,"MaxZoom":2,"clampedToMin":false,"clampedToMax":false,"sel":"u8s0c0p0"},"timestamp":1779371957993}
{"sessionId":"08f52f","hypothesisId":"E","location":"CameraController._Process","message":"lerp_tick","data":{"runId":"post-fix","zoomBefore":0.06712459,"zoomAfter":0.077193275,"target":0.077193275,"dist":0,"zoomValid":true,"sel":"u8s0c0p0"},"timestamp":1779371958013}
{"sessionId":"08f52f","hypothesisId":"C","location":"CameraController._UnhandledInput","message":"wheel_up","data":{"intro":false,"sel":"u8s0c0p0","zoom":0.077193275,"target":0.077193275},"timestamp":1779371958027}
{"sessionId":"08f52f","hypothesisId":"A","location":"CameraController.AdjustZoom","message":"applied","data":{"factor":1.15,"zoomUsed":0.077193275,"targetBefore":0.077193275,"targetAfter":0.08877227,"MinZoom":0.03515625,"MaxZoom":2,"clampedToMin":false,"clampedToMax":false,"sel":"u8s0c0p0"},"timestamp":1779371958028}
{"sessionId":"08f52f","hypothesisId":"C","location":"CameraController._UnhandledInput","message":"wheel_up","data":{"intro":false,"sel":"u8s0c0p0","zoom":0.08877227,"target":0.08877227},"timestamp":1779371958059}
{"sessionId":"08f52f","hypothesisId":"A","location":"CameraController.AdjustZoom","message":"applied","data":{"factor":1.15,"zoomUsed":0.08877227,"targetBefore":0.08877227,"targetAfter":0.10208811,"MinZoom":0.03515625,"MaxZoom":2,"clampedToMin":false,"clampedToMax":false,"sel":"u8s0c0p0"},"timestamp":1779371958060}
{"sessionId":"08f52f","hypothesisId":"C","location":"CameraController._UnhandledInput","message":"wheel_up","data":{"intro":false,"sel":"u8s0c0p0","zoom":0.10208811,"target":0.10208811},"timestamp":1779371958334}
{"sessionId":"08f52f","hypothesisId":"A","location":"CameraController.AdjustZoom","message":"applied","data":{"factor":1.15,"zoomUsed":0.10208811,"targetBefore":0.10208811,"targetAfter":0.117401324,"MinZoom":0.03515625,"MaxZoom":2,"clampedToMin":false,"clampedToMax":false,"sel":"u8s0c0p0"},"timestamp":1779371958335}
{"sessionId":"08f52f","hypothesisId":"E","location":"CameraController._Process","message":"lerp_tick","data":{"runId":"post-fix","zoomBefore":0.10208811,"zoomAfter":0.117401324,"target":0.117401324,"dist":0,"zoomValid":true,"sel":"u8s0c0p0"},"timestamp":1779371958355}
{"sessionId":"08f52f","hypothesisId":"C","location":"CameraController._UnhandledInput","message":"wheel_up","data":{"intro":false,"sel":"u8s0c0p0","zoom":0.117401324,"target":0.117401324},"timestamp":1779371958368}
{"sessionId":"08f52f","hypothesisId":"A","location":"CameraController.AdjustZoom","message":"applied","data":{"factor":1.15,"zoomUsed":0.117401324,"targetBefore":0.117401324,"targetAfter":0.13501152,"MinZoom":0.03515625,"MaxZoom":2,"clampedToMin":false,"clampedToMax":false,"sel":"u8s0c0p0"},"timestamp":1779371958369}
{"sessionId":"08f52f","hypothesisId":"C","location":"CameraController._UnhandledInput","message":"wheel_up","data":{"intro":false,"sel":"u8s0c0p0","zoom":0.13501152,"target":0.13501152},"timestamp":1779371958419}
{"sessionId":"08f52f","hypothesisId":"A","location":"CameraController.AdjustZoom","message":"applied","data":{"factor":1.15,"zoomUsed":0.13501152,"targetBefore":0.13501152,"targetAfter":0.15526325,"MinZoom":0.03515625,"MaxZoom":2,"clampedToMin":false,"clampedToMax":false,"sel":"u8s0c0p0"},"timestamp":1779371958420}
{"sessionId":"08f52f","hypothesisId":"C","location":"CameraController._UnhandledInput","message":"wheel_up","data":{"intro":false,"sel":"u8s0c0p0","zoom":0.15526325,"target":0.15526325},"timestamp":1779371958648}
{"sessionId":"08f52f","hypothesisId":"A","location":"CameraController.AdjustZoom","message":"applied","data":{"factor":1.15,"zoomUsed":0.15526325,"targetBefore":0.15526325,"targetAfter":0.17855273,"MinZoom":0.03515625,"MaxZoom":2,"clampedToMin":false,"clampedToMax":false,"sel":"u8s0c0p0"},"timestamp":1779371958649}
{"sessionId":"08f52f","hypothesisId":"E","location":"CameraController._Process","message":"lerp_tick","data":{"runId":"post-fix","zoomBefore":0.15526325,"zoomAfter":0.17855273,"target":0.17855273,"dist":0,"zoomValid":true,"sel":"u8s0c0p0"},"timestamp":1779371958674}
{"sessionId":"08f52f","hypothesisId":"C","location":"CameraController._UnhandledInput","message":"wheel_up","data":{"intro":false,"sel":"u8s0c0p0","zoom":0.17855273,"target":0.17855273},"timestamp":1779371958688}
{"sessionId":"08f52f","hypothesisId":"A","location":"CameraController.AdjustZoom","message":"applied","data":{"factor":1.15,"zoomUsed":0.17855273,"targetBefore":0.17855273,"targetAfter":0.20533563,"MinZoom":0.03515625,"MaxZoom":2,"clampedToMin":false,"clampedToMax":false,"sel":"u8s0c0p0"},"timestamp":1779371958688}
{"sessionId":"08f52f","hypothesisId":"C","location":"CameraController._UnhandledInput","message":"wheel_down","data":{"intro":false,"sel":"u8s0c0p0","zoom":0.20533563,"target":0.20533563},"timestamp":1779371958920}
{"sessionId":"08f52f","hypothesisId":"A","location":"CameraController.AdjustZoom","message":"applied","data":{"factor":0.85,"zoomUsed":0.20533563,"targetBefore":0.20533563,"targetAfter":0.17453529,"MinZoom":0.03515625,"MaxZoom":2,"clampedToMin":false,"clampedToMax":false,"sel":"u8s0c0p0"},"timestamp":1779371958921}
{"sessionId":"08f52f","hypothesisId":"C","location":"CameraController._UnhandledInput","message":"wheel_up","data":{"intro":false,"sel":"u8s0c0p0","zoom":0.17453529,"target":0.17453529},"timestamp":1779371958958}
{"sessionId":"08f52f","hypothesisId":"A","location":"CameraController.AdjustZoom","message":"applied","data":{"factor":1.15,"zoomUsed":0.17453529,"targetBefore":0.17453529,"targetAfter":0.20071557,"MinZoom":0.03515625,"MaxZoom":2,"clampedToMin":false,"clampedToMax":false,"sel":"u8s0c0p0"},"timestamp":1779371958959}
{"sessionId":"08f52f","hypothesisId":"E","location":"CameraController._Process","message":"lerp_tick","data":{"runId":"post-fix","zoomBefore":0.17453529,"zoomAfter":0.20071557,"target":0.20071557,"dist":0,"zoomValid":true,"sel":"u8s0c0p0"},"timestamp":1779371958988}
{"sessionId":"08f52f","hypothesisId":"C","location":"CameraController._UnhandledInput","message":"wheel_up","data":{"intro":false,"sel":"u8s0c0p0","zoom":0.20071557,"target":0.20071557},"timestamp":1779371959003}
{"sessionId":"08f52f","hypothesisId":"A","location":"CameraController.AdjustZoom","message":"applied","data":{"factor":1.15,"zoomUsed":0.20071557,"targetBefore":0.20071557,"targetAfter":0.2308229,"MinZoom":0.03515625,"MaxZoom":2,"clampedToMin":false,"clampedToMax":false,"sel":"u8s0c0p0"},"timestamp":1779371959004}
{"sessionId":"08f52f","hypothesisId":"C","location":"CameraController._UnhandledInput","message":"wheel_up","data":{"intro":false,"sel":"u8s0c0p0","zoom":0.2308229,"target":0.2308229},"timestamp":1779371959074}
{"sessionId":"08f52f","hypothesisId":"A","location":"CameraController.AdjustZoom","message":"applied","data":{"factor":1.15,"zoomUsed":0.2308229,"targetBefore":0.2308229,"targetAfter":0.26544634,"MinZoom":0.03515625,"MaxZoom":2,"clampedToMin":false,"clampedToMax":false,"sel":"u8s0c0p0"},"timestamp":1779371959074}
{"sessionId":"08f52f","hypothesisId":"E","location":"CameraController._Process","message":"lerp_tick","data":{"runId":"post-fix","zoomBefore":0.2308229,"zoomAfter":0.26544634,"target":0.26544634,"dist":0,"zoomValid":true,"sel":"u8s0c0p0"},"timestamp":1779371959119}
{"sessionId":"08f52f","hypothesisId":"C","location":"CameraController._UnhandledInput","message":"wheel_down","data":{"intro":false,"sel":"u8s0c0p0","zoom":0.26544634,"target":0.26544634},"timestamp":1779371959401}
{"sessionId":"08f52f","hypothesisId":"A","location":"CameraController.AdjustZoom","message":"applied","data":{"factor":0.85,"zoomUsed":0.26544634,"targetBefore":0.26544634,"targetAfter":0.22562939,"MinZoom":0.03515625,"MaxZoom":2,"clampedToMin":false,"clampedToMax":false,"sel":"u8s0c0p0"},"timestamp":1779371959402}
{"sessionId":"08f52f","hypothesisId":"C","location":"CameraController._UnhandledInput","message":"wheel_down","data":{"intro":false,"sel":"u8s0c0p0","zoom":0.22562939,"target":0.22562939},"timestamp":1779371959499}
{"sessionId":"08f52f","hypothesisId":"A","location":"CameraController.AdjustZoom","message":"applied","data":{"factor":0.85,"zoomUsed":0.22562939,"targetBefore":0.22562939,"targetAfter":0.191785,"MinZoom":0.03515625,"MaxZoom":2,"clampedToMin":false,"clampedToMax":false,"sel":"u8s0c0p0"},"timestamp":1779371959500}
{"sessionId":"08f52f","hypothesisId":"E","location":"CameraController._Process","message":"lerp_tick","data":{"runId":"post-fix","zoomBefore":0.22562939,"zoomAfter":0.191785,"target":0.191785,"dist":0,"zoomValid":true,"sel":"u8s0c0p0"},"timestamp":1779371959539}
{"sessionId":"08f52f","hypothesisId":"C","location":"CameraController._UnhandledInput","message":"wheel_down","data":{"intro":false,"sel":"u8s0c0p0","zoom":0.191785,"target":0.191785},"timestamp":1779371959552}
{"sessionId":"08f52f","hypothesisId":"A","location":"CameraController.AdjustZoom","message":"applied","data":{"factor":0.85,"zoomUsed":0.191785,"targetBefore":0.191785,"targetAfter":0.16301724,"MinZoom":0.03515625,"MaxZoom":2,"clampedToMin":false,"clampedToMax":false,"sel":"u8s0c0p0"},"timestamp":1779371959553}
{"sessionId":"08f52f","hypothesisId":"C","location":"CameraController._UnhandledInput","message":"wheel_down","data":{"intro":false,"sel":"u8s0c0p0","zoom":0.16301724,"target":0.16301724},"timestamp":1779371959810}
{"sessionId":"08f52f","hypothesisId":"A","location":"CameraController.AdjustZoom","message":"applied","data":{"factor":0.85,"zoomUsed":0.16301724,"targetBefore":0.16301724,"targetAfter":0.13856466,"MinZoom":0.03515625,"MaxZoom":2,"clampedToMin":false,"clampedToMax":false,"sel":"u8s0c0p0"},"timestamp":1779371959810}
{"sessionId":"08f52f","hypothesisId":"E","location":"CameraController._Process","message":"lerp_tick","data":{"runId":"post-fix","zoomBefore":0.16301724,"zoomAfter":0.13856466,"target":0.13856466,"dist":0,"zoomValid":true,"sel":"u8s0c0p0"},"timestamp":1779371959828}
{"sessionId":"08f52f","hypothesisId":"C","location":"CameraController._UnhandledInput","message":"wheel_down","data":{"intro":false,"sel":"u8s0c0p0","zoom":0.13856466,"target":0.13856466},"timestamp":1779371959847}
{"sessionId":"08f52f","hypothesisId":"A","location":"CameraController.AdjustZoom","message":"applied","data":{"factor":0.85,"zoomUsed":0.13856466,"targetBefore":0.13856466,"targetAfter":0.11777996,"MinZoom":0.03515625,"MaxZoom":2,"clampedToMin":false,"clampedToMax":false,"sel":"u8s0c0p0"},"timestamp":1779371959847}
{"sessionId":"08f52f","hypothesisId":"C","location":"CameraController._UnhandledInput","message":"wheel_down","data":{"intro":false,"sel":"u8s0c0p0","zoom":0.11777996,"target":0.11777996},"timestamp":1779371959890}
{"sessionId":"08f52f","hypothesisId":"A","location":"CameraController.AdjustZoom","message":"applied","data":{"factor":0.85,"zoomUsed":0.11777996,"targetBefore":0.11777996,"targetAfter":0.100112975,"MinZoom":0.03515625,"MaxZoom":2,"clampedToMin":false,"clampedToMax":false,"sel":"u8s0c0p0"},"timestamp":1779371959891}
{"sessionId":"08f52f","hypothesisId":"C","location":"CameraController._UnhandledInput","message":"wheel_down","data":{"intro":false,"sel":"u8s0c0p0","zoom":0.100112975,"target":0.100112975},"timestamp":1779371960151}
{"sessionId":"08f52f","hypothesisId":"A","location":"CameraController.AdjustZoom","message":"applied","data":{"factor":0.85,"zoomUsed":0.100112975,"targetBefore":0.100112975,"targetAfter":0.08509603,"MinZoom":0.03515625,"MaxZoom":2,"clampedToMin":false,"clampedToMax":false,"sel":"u8s0c0p0"},"timestamp":1779371960152}
{"sessionId":"08f52f","hypothesisId":"C","location":"CameraController._UnhandledInput","message":"wheel_down","data":{"intro":false,"sel":"u8s0c0p0","zoom":0.100112975,"target":0.08509603},"timestamp":1779371960153}
{"sessionId":"08f52f","hypothesisId":"A","location":"CameraController.AdjustZoom","message":"applied","data":{"factor":0.85,"zoomUsed":0.100112975,"targetBefore":0.08509603,"targetAfter":0.07233163,"MinZoom":0.03515625,"MaxZoom":2,"clampedToMin":false,"clampedToMax":false,"sel":"u8s0c0p0"},"timestamp":1779371960153}
{"sessionId":"08f52f","hypothesisId":"E","location":"CameraController._Process","message":"lerp_tick","data":{"runId":"post-fix","zoomBefore":0.100112975,"zoomAfter":0.07233163,"target":0.07233163,"dist":0,"zoomValid":true,"sel":"u8s0c0p0"},"timestamp":1779371960183}
{"sessionId":"08f52f","hypothesisId":"C","location":"CameraController._UnhandledInput","message":"wheel_down","data":{"intro":false,"sel":"u8s0c0p0","zoom":0.07233163,"target":0.07233163},"timestamp":1779371960202}
{"sessionId":"08f52f","hypothesisId":"A","location":"CameraController.AdjustZoom","message":"applied","data":{"factor":0.85,"zoomUsed":0.07233163,"targetBefore":0.07233163,"targetAfter":0.061481886,"MinZoom":0.03515625,"MaxZoom":2,"clampedToMin":false,"clampedToMax":false,"sel":"u8s0c0p0"},"timestamp":1779371960203}
{"sessionId":"08f52f","hypothesisId":"C","location":"CameraController._UnhandledInput","message":"wheel_down","data":{"intro":false,"sel":"u8s0c0p0","zoom":0.061481886,"target":0.061481886},"timestamp":1779371960462}
{"sessionId":"08f52f","hypothesisId":"A","location":"CameraController.AdjustZoom","message":"applied","data":{"factor":0.85,"zoomUsed":0.061481886,"targetBefore":0.061481886,"targetAfter":0.052259605,"MinZoom":0.03515625,"MaxZoom":2,"clampedToMin":false,"clampedToMax":false,"sel":"u8s0c0p0"},"timestamp":1779371960462}
{"sessionId":"08f52f","hypothesisId":"E","location":"CameraController._Process","message":"lerp_tick","data":{"runId":"post-fix","zoomBefore":0.061481886,"zoomAfter":0.052259605,"target":0.052259605,"dist":0,"zoomValid":true,"sel":"u8s0c0p0"},"timestamp":1779371960493}
{"sessionId":"08f52f","hypothesisId":"C","location":"CameraController._UnhandledInput","message":"wheel_down","data":{"intro":false,"sel":"u8s0c0p0","zoom":0.052259605,"target":0.052259605},"timestamp":1779371960508}
{"sessionId":"08f52f","hypothesisId":"A","location":"CameraController.AdjustZoom","message":"applied","data":{"factor":0.85,"zoomUsed":0.052259605,"targetBefore":0.052259605,"targetAfter":0.044420667,"MinZoom":0.03515625,"MaxZoom":2,"clampedToMin":false,"clampedToMax":false,"sel":"u8s0c0p0"},"timestamp":1779371960509}
{"sessionId":"08f52f","hypothesisId":"C","location":"CameraController._UnhandledInput","message":"wheel_down","data":{"intro":false,"sel":"u8s0c0p0","zoom":0.044420667,"target":0.044420667},"timestamp":1779371960547}
{"sessionId":"08f52f","hypothesisId":"A","location":"CameraController.AdjustZoom","message":"applied","data":{"factor":0.85,"zoomUsed":0.044420667,"targetBefore":0.044420667,"targetAfter":0.037757568,"MinZoom":0.03515625,"MaxZoom":2,"clampedToMin":false,"clampedToMax":false,"sel":"u8s0c0p0"},"timestamp":1779371960547}
{"sessionId":"08f52f","hypothesisId":"E","location":"CameraController._Process","message":"lerp_tick","data":{"runId":"post-fix","zoomBefore":0.044420667,"zoomAfter":0.037757568,"target":0.037757568,"dist":0,"zoomValid":true,"sel":"u8s0c0p0"},"timestamp":1779371960585}
{"sessionId":"08f52f","hypothesisId":"C","location":"CameraController._UnhandledInput","message":"wheel_down","data":{"intro":false,"sel":"u8s0c0p0","zoom":0.037757568,"target":0.037757568},"timestamp":1779371960982}
{"sessionId":"08f52f","hypothesisId":"A","location":"CameraController.AdjustZoom","message":"applied","data":{"factor":0.85,"zoomUsed":0.037757568,"targetBefore":0.037757568,"targetAfter":0.03515625,"MinZoom":0.03515625,"MaxZoom":2,"clampedToMin":true,"clampedToMax":false,"sel":"u8s0c0p0"},"timestamp":1779371960982}
{"sessionId":"08f52f","hypothesisId":"C","location":"CameraController._UnhandledInput","message":"wheel_down","data":{"intro":false,"sel":"u8s0c0p0","zoom":0.03515625,"target":0.03515625},"timestamp":1779371961050}
{"sessionId":"08f52f","hypothesisId":"A","location":"CameraController.AdjustZoom","message":"applied","data":{"factor":0.85,"zoomUsed":0.03515625,"targetBefore":0.03515625,"targetAfter":0.03515625,"MinZoom":0.03515625,"MaxZoom":2,"clampedToMin":true,"clampedToMax":false,"sel":"u8s0c0p0"},"timestamp":1779371961051}
{"sessionId":"08f52f","hypothesisId":"C","location":"CameraController._UnhandledInput","message":"wheel_down","data":{"intro":false,"sel":"u8s0c0p0","zoom":0.03515625,"target":0.03515625},"timestamp":1779371961350}
{"sessionId":"08f52f","hypothesisId":"A","location":"CameraController.AdjustZoom","message":"applied","data":{"factor":0.85,"zoomUsed":0.03515625,"targetBefore":0.03515625,"targetAfter":0.03515625,"MinZoom":0.03515625,"MaxZoom":2,"clampedToMin":true,"clampedToMax":false,"sel":"u8s0c0p0"},"timestamp":1779371961350}
{"sessionId":"08f52f","hypothesisId":"C","location":"CameraController._UnhandledInput","message":"wheel_down","data":{"intro":false,"sel":"u8s0c0p0","zoom":0.03515625,"target":0.03515625},"timestamp":1779371961414}
{"sessionId":"08f52f","hypothesisId":"A","location":"CameraController.AdjustZoom","message":"applied","data":{"factor":0.85,"zoomUsed":0.03515625,"targetBefore":0.03515625,"targetAfter":0.03515625,"MinZoom":0.03515625,"MaxZoom":2,"clampedToMin":true,"clampedToMax":false,"sel":"u8s0c0p0"},"timestamp":1779371961415}
{"sessionId":"08f52f","hypothesisId":"C","location":"CameraController._UnhandledInput","message":"wheel_down","data":{"intro":false,"sel":"u8s0c0p0","zoom":0.03515625,"target":0.03515625},"timestamp":1779371961478}
{"sessionId":"08f52f","hypothesisId":"A","location":"CameraController.AdjustZoom","message":"applied","data":{"factor":0.85,"zoomUsed":0.03515625,"targetBefore":0.03515625,"targetAfter":0.03515625,"MinZoom":0.03515625,"MaxZoom":2,"clampedToMin":true,"clampedToMax":false,"sel":"u8s0c0p0"},"timestamp":1779371961479}
{"sessionId":"08f52f","hypothesisId":"C","location":"CameraController._UnhandledInput","message":"wheel_up","data":{"intro":false,"sel":"u8s0c0p0","zoom":0.03515625,"target":0.03515625},"timestamp":1779371961606}
{"sessionId":"08f52f","hypothesisId":"A","location":"CameraController.AdjustZoom","message":"applied","data":{"factor":1.15,"zoomUsed":0.03515625,"targetBefore":0.03515625,"targetAfter":0.040429685,"MinZoom":0.03515625,"MaxZoom":2,"clampedToMin":false,"clampedToMax":false,"sel":"u8s0c0p0"},"timestamp":1779371961606}
{"sessionId":"08f52f","hypothesisId":"E","location":"CameraController._Process","message":"lerp_tick","data":{"runId":"post-fix","zoomBefore":0.03515625,"zoomAfter":0.040429685,"target":0.040429685,"dist":0,"zoomValid":true,"sel":"u8s0c0p0"},"timestamp":1779371961651}
{"sessionId":"08f52f","hypothesisId":"C","location":"CameraController._UnhandledInput","message":"wheel_down","data":{"intro":false,"sel":"u8s0c0p0","zoom":0.040429685,"target":0.040429685},"timestamp":1779371961781}
{"sessionId":"08f52f","hypothesisId":"A","location":"CameraController.AdjustZoom","message":"applied","data":{"factor":0.85,"zoomUsed":0.040429685,"targetBefore":0.040429685,"targetAfter":0.03515625,"MinZoom":0.03515625,"MaxZoom":2,"clampedToMin":true,"clampedToMax":false,"sel":"u8s0c0p0"},"timestamp":1779371961782}
{"sessionId":"08f52f","hypothesisId":"C","location":"CameraController._UnhandledInput","message":"wheel_down","data":{"intro":false,"sel":"u8s0c0p0","zoom":0.03515625,"target":0.03515625},"timestamp":1779371961837}
{"sessionId":"08f52f","hypothesisId":"A","location":"CameraController.AdjustZoom","message":"applied","data":{"factor":0.85,"zoomUsed":0.03515625,"targetBefore":0.03515625,"targetAfter":0.03515625,"MinZoom":0.03515625,"MaxZoom":2,"clampedToMin":true,"clampedToMax":false,"sel":"u8s0c0p0"},"timestamp":1779371961838}
{"sessionId":"08f52f","hypothesisId":"C","location":"CameraController._UnhandledInput","message":"wheel_down","data":{"intro":false,"sel":"u8s0c0p0","zoom":0.03515625,"target":0.03515625},"timestamp":1779371961887}
{"sessionId":"08f52f","hypothesisId":"A","location":"CameraController.AdjustZoom","message":"applied","data":{"factor":0.85,"zoomUsed":0.03515625,"targetBefore":0.03515625,"targetAfter":0.03515625,"MinZoom":0.03515625,"MaxZoom":2,"clampedToMin":true,"clampedToMax":false,"sel":"u8s0c0p0"},"timestamp":1779371961887}
{"sessionId":"08f52f","hypothesisId":"C","location":"CameraController._UnhandledInput","message":"wheel_down","data":{"intro":false,"sel":"u8s0c0p0","zoom":0.03515625,"target":0.03515625},"timestamp":1779371961946}
{"sessionId":"08f52f","hypothesisId":"A","location":"CameraController.AdjustZoom","message":"applied","data":{"factor":0.85,"zoomUsed":0.03515625,"targetBefore":0.03515625,"targetAfter":0.03515625,"MinZoom":0.03515625,"MaxZoom":2,"clampedToMin":true,"clampedToMax":false,"sel":"u8s0c0p0"},"timestamp":1779371961947}
{"sessionId":"08f52f","hypothesisId":"C","location":"CameraController._UnhandledInput","message":"wheel_up","data":{"intro":false,"sel":"u8s0c0p0","zoom":0.03515625,"target":0.03515625},"timestamp":1779371963282}
{"sessionId":"08f52f","hypothesisId":"A","location":"CameraController.AdjustZoom","message":"applied","data":{"factor":1.15,"zoomUsed":0.03515625,"targetBefore":0.03515625,"targetAfter":0.040429685,"MinZoom":0.03515625,"MaxZoom":2,"clampedToMin":false,"clampedToMax":false,"sel":"u8s0c0p0"},"timestamp":1779371963283}
{"sessionId":"08f52f","hypothesisId":"E","location":"CameraController._Process","message":"lerp_tick","data":{"runId":"post-fix","zoomBefore":0.03515625,"zoomAfter":0.040429685,"target":0.040429685,"dist":0,"zoomValid":true,"sel":"u8s0c0p0"},"timestamp":1779371963324}
{"sessionId":"08f52f","hypothesisId":"C","location":"CameraController._UnhandledInput","message":"wheel_up","data":{"intro":false,"sel":"u8s0c0p0","zoom":0.040429685,"target":0.040429685},"timestamp":1779371963342}
{"sessionId":"08f52f","hypothesisId":"A","location":"CameraController.AdjustZoom","message":"applied","data":{"factor":1.15,"zoomUsed":0.040429685,"targetBefore":0.040429685,"targetAfter":0.046494137,"MinZoom":0.03515625,"MaxZoom":2,"clampedToMin":false,"clampedToMax":false,"sel":"u8s0c0p0"},"timestamp":1779371963342}
{"sessionId":"08f52f","hypothesisId":"C","location":"CameraController._UnhandledInput","message":"wheel_up","data":{"intro":false,"sel":"u8s0c0p0","zoom":0.046494137,"target":0.046494137},"timestamp":1779371963530}
{"sessionId":"08f52f","hypothesisId":"A","location":"CameraController.AdjustZoom","message":"applied","data":{"factor":1.15,"zoomUsed":0.046494137,"targetBefore":0.046494137,"targetAfter":0.053468257,"MinZoom":0.03515625,"MaxZoom":2,"clampedToMin":false,"clampedToMax":false,"sel":"u8s0c0p0"},"timestamp":1779371963531}
{"sessionId":"08f52f","hypothesisId":"E","location":"CameraController._Process","message":"lerp_tick","data":{"runId":"post-fix","zoomBefore":0.046494137,"zoomAfter":0.053468257,"target":0.053468257,"dist":0,"zoomValid":true,"sel":"u8s0c0p0"},"timestamp":1779371963556}
{"sessionId":"08f52f","hypothesisId":"C","location":"CameraController._UnhandledInput","message":"wheel_up","data":{"intro":false,"sel":"u8s0c0p0","zoom":0.053468257,"target":0.053468257},"timestamp":1779371963577}
{"sessionId":"08f52f","hypothesisId":"A","location":"CameraController.AdjustZoom","message":"applied","data":{"factor":1.15,"zoomUsed":0.053468257,"targetBefore":0.053468257,"targetAfter":0.061488494,"MinZoom":0.03515625,"MaxZoom":2,"clampedToMin":false,"clampedToMax":false,"sel":"u8s0c0p0"},"timestamp":1779371963578}
{"sessionId":"08f52f","hypothesisId":"C","location":"CameraController._UnhandledInput","message":"wheel_up","data":{"intro":false,"sel":"u8s0c0p0","zoom":0.061488494,"target":0.061488494},"timestamp":1779371963634}
{"sessionId":"08f52f","hypothesisId":"A","location":"CameraController.AdjustZoom","message":"applied","data":{"factor":1.15,"zoomUsed":0.061488494,"targetBefore":0.061488494,"targetAfter":0.07071177,"MinZoom":0.03515625,"MaxZoom":2,"clampedToMin":false,"clampedToMax":false,"sel":"u8s0c0p0"},"timestamp":1779371963634}
{"sessionId":"08f52f","hypothesisId":"E","location":"CameraController._Process","message":"lerp_tick","data":{"runId":"post-fix","zoomBefore":0.061488494,"zoomAfter":0.07071177,"target":0.07071177,"dist":0,"zoomValid":true,"sel":"u8s0c0p0"},"timestamp":1779371963662}
{"sessionId":"08f52f","hypothesisId":"C","location":"CameraController._UnhandledInput","message":"wheel_up","data":{"intro":false,"sel":"u8s0c0p0","zoom":0.07071177,"target":0.07071177},"timestamp":1779371963819}
{"sessionId":"08f52f","hypothesisId":"A","location":"CameraController.AdjustZoom","message":"applied","data":{"factor":1.15,"zoomUsed":0.07071177,"targetBefore":0.07071177,"targetAfter":0.081318535,"MinZoom":0.03515625,"MaxZoom":2,"clampedToMin":false,"clampedToMax":false,"sel":"u8s0c0p0"},"timestamp":1779371963820}
{"sessionId":"08f52f","hypothesisId":"C","location":"CameraController._UnhandledInput","message":"wheel_up","data":{"intro":false,"sel":"u8s0c0p0","zoom":0.081318535,"target":0.081318535},"timestamp":1779371963859}
{"sessionId":"08f52f","hypothesisId":"A","location":"CameraController.AdjustZoom","message":"applied","data":{"factor":1.15,"zoomUsed":0.081318535,"targetBefore":0.081318535,"targetAfter":0.09351631,"MinZoom":0.03515625,"MaxZoom":2,"clampedToMin":false,"clampedToMax":false,"sel":"u8s0c0p0"},"timestamp":1779371963860}
{"sessionId":"08f52f","hypothesisId":"E","location":"CameraController._Process","message":"lerp_tick","data":{"runId":"post-fix","zoomBefore":0.081318535,"zoomAfter":0.09351631,"target":0.09351631,"dist":0,"zoomValid":true,"sel":"u8s0c0p0"},"timestamp":1779371963885}
{"sessionId":"08f52f","hypothesisId":"C","location":"CameraController._UnhandledInput","message":"wheel_up","data":{"intro":false,"sel":"u8s0c0p0","zoom":0.09351631,"target":0.09351631},"timestamp":1779371964120}
{"sessionId":"08f52f","hypothesisId":"A","location":"CameraController.AdjustZoom","message":"applied","data":{"factor":1.15,"zoomUsed":0.09351631,"targetBefore":0.09351631,"targetAfter":0.10754376,"MinZoom":0.03515625,"MaxZoom":2,"clampedToMin":false,"clampedToMax":false,"sel":"u8s0c0p0"},"timestamp":1779371964121}
{"sessionId":"08f52f","hypothesisId":"C","location":"CameraController._UnhandledInput","message":"wheel_up","data":{"intro":false,"sel":"u8s0c0p0","zoom":0.10754376,"target":0.10754376},"timestamp":1779371964164}
{"sessionId":"08f52f","hypothesisId":"A","location":"CameraController.AdjustZoom","message":"applied","data":{"factor":1.15,"zoomUsed":0.10754376,"targetBefore":0.10754376,"targetAfter":0.123675324,"MinZoom":0.03515625,"MaxZoom":2,"clampedToMin":false,"clampedToMax":false,"sel":"u8s0c0p0"},"timestamp":1779371964164}
{"sessionId":"08f52f","hypothesisId":"E","location":"CameraController._Process","message":"lerp_tick","data":{"runId":"post-fix","zoomBefore":0.10754376,"zoomAfter":0.123675324,"target":0.123675324,"dist":0,"zoomValid":true,"sel":"u8s0c0p0"},"timestamp":1779371964190}
{"sessionId":"08f52f","hypothesisId":"C","location":"CameraController._UnhandledInput","message":"wheel_up","data":{"intro":false,"sel":"u8s0c0p0","zoom":0.123675324,"target":0.123675324},"timestamp":1779371964391}
{"sessionId":"08f52f","hypothesisId":"A","location":"CameraController.AdjustZoom","message":"applied","data":{"factor":1.15,"zoomUsed":0.123675324,"targetBefore":0.123675324,"targetAfter":0.14222662,"MinZoom":0.03515625,"MaxZoom":2,"clampedToMin":false,"clampedToMax":false,"sel":"u8s0c0p0"},"timestamp":1779371964392}
{"sessionId":"08f52f","hypothesisId":"C","location":"CameraController._UnhandledInput","message":"wheel_up","data":{"intro":false,"sel":"u8s0c0p0","zoom":0.14222662,"target":0.14222662},"timestamp":1779371964434}
{"sessionId":"08f52f","hypothesisId":"A","location":"CameraController.AdjustZoom","message":"applied","data":{"factor":1.15,"zoomUsed":0.14222662,"targetBefore":0.14222662,"targetAfter":0.16356061,"MinZoom":0.03515625,"MaxZoom":2,"clampedToMin":false,"clampedToMax":false,"sel":"u8s0c0p0"},"timestamp":1779371964435}
{"sessionId":"08f52f","hypothesisId":"C","location":"CameraController._UnhandledInput","message":"wheel_up","data":{"intro":false,"sel":"u8s0c0p0","zoom":0.16356061,"target":0.16356061},"timestamp":1779371964676}
{"sessionId":"08f52f","hypothesisId":"A","location":"CameraController.AdjustZoom","message":"applied","data":{"factor":1.15,"zoomUsed":0.16356061,"targetBefore":0.16356061,"targetAfter":0.1880947,"MinZoom":0.03515625,"MaxZoom":2,"clampedToMin":false,"clampedToMax":false,"sel":"u8s0c0p0"},"timestamp":1779371964677}
{"sessionId":"08f52f","hypothesisId":"E","location":"CameraController._Process","message":"lerp_tick","data":{"runId":"post-fix","zoomBefore":0.16356061,"zoomAfter":0.1880947,"target":0.1880947,"dist":0,"zoomValid":true,"sel":"u8s0c0p0"},"timestamp":1779371964699}
{"sessionId":"08f52f","hypothesisId":"C","location":"CameraController._UnhandledInput","message":"wheel_up","data":{"intro":false,"sel":"u8s0c0p0","zoom":0.1880947,"target":0.1880947},"timestamp":1779371964717}
{"sessionId":"08f52f","hypothesisId":"A","location":"CameraController.AdjustZoom","message":"applied","data":{"factor":1.15,"zoomUsed":0.1880947,"targetBefore":0.1880947,"targetAfter":0.2163089,"MinZoom":0.03515625,"MaxZoom":2,"clampedToMin":false,"clampedToMax":false,"sel":"u8s0c0p0"},"timestamp":1779371964718}
{"sessionId":"08f52f","hypothesisId":"C","location":"CameraController._UnhandledInput","message":"wheel_up","data":{"intro":false,"sel":"u8s0c0p0","zoom":0.2163089,"target":0.2163089},"timestamp":1779371964761}
{"sessionId":"08f52f","hypothesisId":"A","location":"CameraController.AdjustZoom","message":"applied","data":{"factor":1.15,"zoomUsed":0.2163089,"targetBefore":0.2163089,"targetAfter":0.24875523,"MinZoom":0.03515625,"MaxZoom":2,"clampedToMin":false,"clampedToMax":false,"sel":"u8s0c0p0"},"timestamp":1779371964762}
{"sessionId":"08f52f","hypothesisId":"C","location":"CameraController._UnhandledInput","message":"wheel_up","data":{"intro":false,"sel":"u8s0c0p0","zoom":0.24875523,"target":0.24875523},"timestamp":1779371965011}
{"sessionId":"08f52f","hypothesisId":"A","location":"CameraController.AdjustZoom","message":"applied","data":{"factor":1.15,"zoomUsed":0.24875523,"targetBefore":0.24875523,"targetAfter":0.2860685,"MinZoom":0.03515625,"MaxZoom":2,"clampedToMin":false,"clampedToMax":false,"sel":"u8s0c0p0"},"timestamp":1779371965012}
{"sessionId":"08f52f","hypothesisId":"E","location":"CameraController._Process","message":"lerp_tick","data":{"runId":"post-fix","zoomBefore":0.24875523,"zoomAfter":0.2860685,"target":0.2860685,"dist":0,"zoomValid":true,"sel":"u8s0c0p0"},"timestamp":1779371965038}
{"sessionId":"08f52f","hypothesisId":"C","location":"CameraController._UnhandledInput","message":"wheel_up","data":{"intro":false,"sel":"u8s0c0p0","zoom":0.2860685,"target":0.2860685},"timestamp":1779371965052}
{"sessionId":"08f52f","hypothesisId":"A","location":"CameraController.AdjustZoom","message":"applied","data":{"factor":1.15,"zoomUsed":0.2860685,"targetBefore":0.2860685,"targetAfter":0.32897878,"MinZoom":0.03515625,"MaxZoom":2,"clampedToMin":false,"clampedToMax":false,"sel":"u8s0c0p0"},"timestamp":1779371965052}
{"sessionId":"08f52f","hypothesisId":"C","location":"CameraController._UnhandledInput","message":"wheel_up","data":{"intro":false,"sel":"u8s0c0p0","zoom":0.32897878,"target":0.32897878},"timestamp":1779371965353}
{"sessionId":"08f52f","hypothesisId":"A","location":"CameraController.AdjustZoom","message":"applied","data":{"factor":1.15,"zoomUsed":0.32897878,"targetBefore":0.32897878,"targetAfter":0.37832558,"MinZoom":0.03515625,"MaxZoom":2,"clampedToMin":false,"clampedToMax":false,"sel":"u8s0c0p0"},"timestamp":1779371965353}
{"sessionId":"08f52f","hypothesisId":"E","location":"CameraController._Process","message":"lerp_tick","data":{"runId":"post-fix","zoomBefore":0.32897878,"zoomAfter":0.37832558,"target":0.37832558,"dist":0,"zoomValid":true,"sel":"u8s0c0p0"},"timestamp":1779371965377}
{"sessionId":"08f52f","hypothesisId":"C","location":"CameraController._UnhandledInput","message":"wheel_up","data":{"intro":false,"sel":"u8s0c0p0","zoom":0.37832558,"target":0.37832558},"timestamp":1779371965391}
{"sessionId":"08f52f","hypothesisId":"A","location":"CameraController.AdjustZoom","message":"applied","data":{"factor":1.15,"zoomUsed":0.37832558,"targetBefore":0.37832558,"targetAfter":0.43507442,"MinZoom":0.03515625,"MaxZoom":2,"clampedToMin":false,"clampedToMax":false,"sel":"u8s0c0p0"},"timestamp":1779371965391}
{"sessionId":"08f52f","hypothesisId":"C","location":"CameraController._UnhandledInput","message":"wheel_up","data":{"intro":false,"sel":"u8s0c0p0","zoom":0.43507442,"target":0.43507442},"timestamp":1779371965432}
{"sessionId":"08f52f","hypothesisId":"A","location":"CameraController.AdjustZoom","message":"applied","data":{"factor":1.15,"zoomUsed":0.43507442,"targetBefore":0.43507442,"targetAfter":0.5003356,"MinZoom":0.03515625,"MaxZoom":2,"clampedToMin":false,"clampedToMax":false,"sel":"u8s0c0p0"},"timestamp":1779371965433}
{"sessionId":"08f52f","hypothesisId":"C","location":"CameraController._UnhandledInput","message":"wheel_up","data":{"intro":false,"sel":"u8s0c0p0","zoom":0.5003356,"target":0.5003356},"timestamp":1779371965655}
{"sessionId":"08f52f","hypothesisId":"A","location":"CameraController.AdjustZoom","message":"applied","data":{"factor":1.15,"zoomUsed":0.5003356,"targetBefore":0.5003356,"targetAfter":0.57538587,"MinZoom":0.03515625,"MaxZoom":2,"clampedToMin":false,"clampedToMax":false,"sel":"u8s0c0p0"},"timestamp":1779371965655}
{"sessionId":"08f52f","hypothesisId":"E","location":"CameraController._Process","message":"lerp_tick","data":{"runId":"post-fix","zoomBefore":0.5003356,"zoomAfter":0.57538587,"target":0.57538587,"dist":0,"zoomValid":true,"sel":"u8s0c0p0"},"timestamp":1779371965678}
{"sessionId":"08f52f","hypothesisId":"C","location":"CameraController._UnhandledInput","message":"wheel_up","data":{"intro":false,"sel":"u8s0c0p0","zoom":0.57538587,"target":0.57538587},"timestamp":1779371965696}
{"sessionId":"08f52f","hypothesisId":"A","location":"CameraController.AdjustZoom","message":"applied","data":{"factor":1.15,"zoomUsed":0.57538587,"targetBefore":0.57538587,"targetAfter":0.66169375,"MinZoom":0.03515625,"MaxZoom":2,"clampedToMin":false,"clampedToMax":false,"sel":"u8s0c0p0"},"timestamp":1779371965697}
{"sessionId":"08f52f","hypothesisId":"C","location":"CameraController._UnhandledInput","message":"wheel_up","data":{"intro":false,"sel":"u8s0c0p0","zoom":0.66169375,"target":0.66169375},"timestamp":1779371965748}
{"sessionId":"08f52f","hypothesisId":"A","location":"CameraController.AdjustZoom","message":"applied","data":{"factor":1.15,"zoomUsed":0.66169375,"targetBefore":0.66169375,"targetAfter":0.7609478,"MinZoom":0.03515625,"MaxZoom":2,"clampedToMin":false,"clampedToMax":false,"sel":"u8s0c0p0"},"timestamp":1779371965749}
{"sessionId":"08f52f","hypothesisId":"C","location":"CameraController._UnhandledInput","message":"wheel_up","data":{"intro":false,"sel":"u8s0c0p0","zoom":0.7609478,"target":0.7609478},"timestamp":1779371965963}
{"sessionId":"08f52f","hypothesisId":"A","location":"CameraController.AdjustZoom","message":"applied","data":{"factor":1.15,"zoomUsed":0.7609478,"targetBefore":0.7609478,"targetAfter":0.87509,"MinZoom":0.03515625,"MaxZoom":2,"clampedToMin":false,"clampedToMax":false,"sel":"u8s0c0p0"},"timestamp":1779371965963}
{"sessionId":"08f52f","hypothesisId":"E","location":"CameraController._Process","message":"lerp_tick","data":{"runId":"post-fix","zoomBefore":0.7609478,"zoomAfter":0.87509,"target":0.87509,"dist":0,"zoomValid":true,"sel":"u8s0c0p0"},"timestamp":1779371965981}
{"sessionId":"08f52f","hypothesisId":"C","location":"CameraController._UnhandledInput","message":"wheel_up","data":{"intro":false,"sel":"u8s0c0p0","zoom":0.87509,"target":0.87509},"timestamp":1779371965995}
{"sessionId":"08f52f","hypothesisId":"A","location":"CameraController.AdjustZoom","message":"applied","data":{"factor":1.15,"zoomUsed":0.87509,"targetBefore":0.87509,"targetAfter":1.0063535,"MinZoom":0.03515625,"MaxZoom":2,"clampedToMin":false,"clampedToMax":false,"sel":"u8s0c0p0"},"timestamp":1779371965996}
{"sessionId":"08f52f","hypothesisId":"C","location":"CameraController._UnhandledInput","message":"wheel_up","data":{"intro":false,"sel":"u8s0c0p0","zoom":1.0063535,"target":1.0063535},"timestamp":1779371966028}
{"sessionId":"08f52f","hypothesisId":"A","location":"CameraController.AdjustZoom","message":"applied","data":{"factor":1.15,"zoomUsed":1.0063535,"targetBefore":1.0063535,"targetAfter":1.1573066,"MinZoom":0.03515625,"MaxZoom":2,"clampedToMin":false,"clampedToMax":false,"sel":"u8s0c0p0"},"timestamp":1779371966029}
{"sessionId":"08f52f","hypothesisId":"C","location":"CameraController._UnhandledInput","message":"wheel_up","data":{"intro":false,"sel":"u8s0c0p0","zoom":1.1573066,"target":1.1573066},"timestamp":1779371966250}
{"sessionId":"08f52f","hypothesisId":"A","location":"CameraController.AdjustZoom","message":"applied","data":{"factor":1.15,"zoomUsed":1.1573066,"targetBefore":1.1573066,"targetAfter":1.3309025,"MinZoom":0.03515625,"MaxZoom":2,"clampedToMin":false,"clampedToMax":false,"sel":"u8s0c0p0"},"timestamp":1779371966251}
{"sessionId":"08f52f","hypothesisId":"E","location":"CameraController._Process","message":"lerp_tick","data":{"runId":"post-fix","zoomBefore":1.1573066,"zoomAfter":1.3309025,"target":1.3309025,"dist":0,"zoomValid":true,"sel":"u8s0c0p0"},"timestamp":1779371966265}
{"sessionId":"08f52f","hypothesisId":"C","location":"CameraController._UnhandledInput","message":"wheel_up","data":{"intro":false,"sel":"u8s0c0p0","zoom":1.3309025,"target":1.3309025},"timestamp":1779371966279}
{"sessionId":"08f52f","hypothesisId":"A","location":"CameraController.AdjustZoom","message":"applied","data":{"factor":1.15,"zoomUsed":1.3309025,"targetBefore":1.3309025,"targetAfter":1.5305378,"MinZoom":0.03515625,"MaxZoom":2,"clampedToMin":false,"clampedToMax":false,"sel":"u8s0c0p0"},"timestamp":1779371966280}
{"sessionId":"08f52f","hypothesisId":"C","location":"CameraController._UnhandledInput","message":"wheel_down","data":{"intro":false,"sel":"u8s0c0p0","zoom":1.5305378,"target":1.5305378},"timestamp":1779371966523}
{"sessionId":"08f52f","hypothesisId":"A","location":"CameraController.AdjustZoom","message":"applied","data":{"factor":0.85,"zoomUsed":1.5305378,"targetBefore":1.5305378,"targetAfter":1.3009572,"MinZoom":0.03515625,"MaxZoom":2,"clampedToMin":false,"clampedToMax":false,"sel":"u8s0c0p0"},"timestamp":1779371966523}
{"sessionId":"08f52f","hypothesisId":"C","location":"CameraController._UnhandledInput","message":"wheel_up","data":{"intro":false,"sel":"u8s0c0p0","zoom":1.3009572,"target":1.3009572},"timestamp":1779371966790}
{"sessionId":"08f52f","hypothesisId":"A","location":"CameraController.AdjustZoom","message":"applied","data":{"factor":1.15,"zoomUsed":1.3009572,"targetBefore":1.3009572,"targetAfter":1.4961008,"MinZoom":0.03515625,"MaxZoom":2,"clampedToMin":false,"clampedToMax":false,"sel":"u8s0c0p0"},"timestamp":1779371966790}
{"sessionId":"08f52f","hypothesisId":"E","location":"CameraController._Process","message":"lerp_tick","data":{"runId":"post-fix","zoomBefore":1.3009572,"zoomAfter":1.4961008,"target":1.4961008,"dist":0,"zoomValid":true,"sel":"u8s0c0p0"},"timestamp":1779371966810}
{"sessionId":"08f52f","hypothesisId":"C","location":"CameraController._UnhandledInput","message":"wheel_up","data":{"intro":false,"sel":"u8s0c0p0","zoom":1.4961008,"target":1.4961008},"timestamp":1779371966823}
{"sessionId":"08f52f","hypothesisId":"A","location":"CameraController.AdjustZoom","message":"applied","data":{"factor":1.15,"zoomUsed":1.4961008,"targetBefore":1.4961008,"targetAfter":1.7205158,"MinZoom":0.03515625,"MaxZoom":2,"clampedToMin":false,"clampedToMax":false,"sel":"u8s0c0p0"},"timestamp":1779371966824}
{"sessionId":"08f52f","hypothesisId":"C","location":"CameraController._UnhandledInput","message":"wheel_up","data":{"intro":false,"sel":"u8s0c0p0","zoom":1.7205158,"target":1.7205158},"timestamp":1779371966851}
{"sessionId":"08f52f","hypothesisId":"A","location":"CameraController.AdjustZoom","message":"applied","data":{"factor":1.15,"zoomUsed":1.7205158,"targetBefore":1.7205158,"targetAfter":1.9785932,"MinZoom":0.03515625,"MaxZoom":2,"clampedToMin":false,"clampedToMax":false,"sel":"u8s0c0p0"},"timestamp":1779371966852}
{"sessionId":"08f52f","hypothesisId":"C","location":"CameraController._UnhandledInput","message":"wheel_up","data":{"intro":false,"sel":"u8s0c0p0","zoom":1.9785932,"target":1.9785932},"timestamp":1779371967123}
{"sessionId":"08f52f","hypothesisId":"A","location":"CameraController.AdjustZoom","message":"applied","data":{"factor":1.15,"zoomUsed":1.9785932,"targetBefore":1.9785932,"targetAfter":2,"MinZoom":0.03515625,"MaxZoom":2,"clampedToMin":false,"clampedToMax":true,"sel":"u8s0c0p0"},"timestamp":1779371967123}
{"sessionId":"08f52f","hypothesisId":"E","location":"CameraController._Process","message":"lerp_tick","data":{"runId":"post-fix","zoomBefore":1.9785932,"zoomAfter":2,"target":2,"dist":0,"zoomValid":true,"sel":"u8s0c0p0"},"timestamp":1779371967132}
{"sessionId":"08f52f","hypothesisId":"C","location":"CameraController._UnhandledInput","message":"wheel_up","data":{"intro":false,"sel":"u8s0c0p0","zoom":2,"target":2},"timestamp":1779371967149}
{"sessionId":"08f52f","hypothesisId":"A","location":"CameraController.AdjustZoom","message":"applied","data":{"factor":1.15,"zoomUsed":2,"targetBefore":2,"targetAfter":2,"MinZoom":0.03515625,"MaxZoom":2,"clampedToMin":false,"clampedToMax":true,"sel":"u8s0c0p0"},"timestamp":1779371967150}
{"sessionId":"08f52f","hypothesisId":"C","location":"CameraController._UnhandledInput","message":"wheel_up","data":{"intro":false,"sel":"u8s0c0p0","zoom":2,"target":2},"timestamp":1779371967180}
{"sessionId":"08f52f","hypothesisId":"A","location":"CameraController.AdjustZoom","message":"applied","data":{"factor":1.15,"zoomUsed":2,"targetBefore":2,"targetAfter":2,"MinZoom":0.03515625,"MaxZoom":2,"clampedToMin":false,"clampedToMax":true,"sel":"u8s0c0p0"},"timestamp":1779371967181}
{"sessionId":"08f52f","hypothesisId":"C","location":"CameraController._UnhandledInput","message":"wheel_up","data":{"intro":false,"sel":"u8s0c0p0","zoom":2,"target":2},"timestamp":1779371967422}
{"sessionId":"08f52f","hypothesisId":"A","location":"CameraController.AdjustZoom","message":"applied","data":{"factor":1.15,"zoomUsed":2,"targetBefore":2,"targetAfter":2,"MinZoom":0.03515625,"MaxZoom":2,"clampedToMin":false,"clampedToMax":true,"sel":"u8s0c0p0"},"timestamp":1779371967423}
{"sessionId":"08f52f","hypothesisId":"C","location":"CameraController._UnhandledInput","message":"wheel_up","data":{"intro":false,"sel":"u8s0c0p0","zoom":2,"target":2},"timestamp":1779371967454}
{"sessionId":"08f52f","hypothesisId":"A","location":"CameraController.AdjustZoom","message":"applied","data":{"factor":1.15,"zoomUsed":2,"targetBefore":2,"targetAfter":2,"MinZoom":0.03515625,"MaxZoom":2,"clampedToMin":false,"clampedToMax":true,"sel":"u8s0c0p0"},"timestamp":1779371967454}
{"sessionId":"08f52f","hypothesisId":"C","location":"CameraController._UnhandledInput","message":"wheel_up","data":{"intro":false,"sel":"u8s0c0p0","zoom":2,"target":2},"timestamp":1779371967488}
{"sessionId":"08f52f","hypothesisId":"A","location":"CameraController.AdjustZoom","message":"applied","data":{"factor":1.15,"zoomUsed":2,"targetBefore":2,"targetAfter":2,"MinZoom":0.03515625,"MaxZoom":2,"clampedToMin":false,"clampedToMax":true,"sel":"u8s0c0p0"},"timestamp":1779371967489}
{"sessionId":"08f52f","hypothesisId":"C","location":"CameraController._UnhandledInput","message":"wheel_up","data":{"intro":false,"sel":"u8s0c0p0","zoom":2,"target":2},"timestamp":1779371967514}
{"sessionId":"08f52f","hypothesisId":"A","location":"CameraController.AdjustZoom","message":"applied","data":{"factor":1.15,"zoomUsed":2,"targetBefore":2,"targetAfter":2,"MinZoom":0.03515625,"MaxZoom":2,"clampedToMin":false,"clampedToMax":true,"sel":"u8s0c0p0"},"timestamp":1779371967514}
{"sessionId":"08f52f","hypothesisId":"C","location":"CameraController._UnhandledInput","message":"wheel_down","data":{"intro":false,"sel":"u8s0c0p0","zoom":2,"target":2},"timestamp":1779371967722}
{"sessionId":"08f52f","hypothesisId":"A","location":"CameraController.AdjustZoom","message":"applied","data":{"factor":0.85,"zoomUsed":2,"targetBefore":2,"targetAfter":1.7,"MinZoom":0.03515625,"MaxZoom":2,"clampedToMin":false,"clampedToMax":false,"sel":"u8s0c0p0"},"timestamp":1779371967723}
{"sessionId":"08f52f","hypothesisId":"C","location":"CameraController._UnhandledInput","message":"wheel_down","data":{"intro":false,"sel":"u8s0c0p0","zoom":1.7,"target":1.7},"timestamp":1779371967988}
{"sessionId":"08f52f","hypothesisId":"A","location":"CameraController.AdjustZoom","message":"applied","data":{"factor":0.85,"zoomUsed":1.7,"targetBefore":1.7,"targetAfter":1.445,"MinZoom":0.03515625,"MaxZoom":2,"clampedToMin":false,"clampedToMax":false,"sel":"u8s0c0p0"},"timestamp":1779371967989}
{"sessionId":"08f52f","hypothesisId":"E","location":"CameraController._Process","message":"lerp_tick","data":{"runId":"post-fix","zoomBefore":1.7,"zoomAfter":1.445,"target":1.445,"dist":0,"zoomValid":true,"sel":"u8s0c0p0"},"timestamp":1779371968004}
{"sessionId":"08f52f","hypothesisId":"C","location":"CameraController._UnhandledInput","message":"wheel_down","data":{"intro":false,"sel":"u8s0c0p0","zoom":1.445,"target":1.445},"timestamp":1779371968018}
{"sessionId":"08f52f","hypothesisId":"A","location":"CameraController.AdjustZoom","message":"applied","data":{"factor":0.85,"zoomUsed":1.445,"targetBefore":1.445,"targetAfter":1.22825,"MinZoom":0.03515625,"MaxZoom":2,"clampedToMin":false,"clampedToMax":false,"sel":"u8s0c0p0"},"timestamp":1779371968018}
{"sessionId":"08f52f","hypothesisId":"C","location":"CameraController._UnhandledInput","message":"wheel_down","data":{"intro":false,"sel":"u8s0c0p0","zoom":1.22825,"target":1.22825},"timestamp":1779371968059}
{"sessionId":"08f52f","hypothesisId":"A","location":"CameraController.AdjustZoom","message":"applied","data":{"factor":0.85,"zoomUsed":1.22825,"targetBefore":1.22825,"targetAfter":1.0440125,"MinZoom":0.03515625,"MaxZoom":2,"clampedToMin":false,"clampedToMax":false,"sel":"u8s0c0p0"},"timestamp":1779371968059}
{"sessionId":"08f52f","hypothesisId":"C","location":"CameraController._UnhandledInput","message":"wheel_down","data":{"intro":false,"sel":"u8s0c0p0","zoom":1.0440125,"target":1.0440125},"timestamp":1779371968100}
{"sessionId":"08f52f","hypothesisId":"A","location":"CameraController.AdjustZoom","message":"applied","data":{"factor":0.85,"zoomUsed":1.0440125,"targetBefore":1.0440125,"targetAfter":0.8874107,"MinZoom":0.03515625,"MaxZoom":2,"clampedToMin":false,"clampedToMax":false,"sel":"u8s0c0p0"},"timestamp":1779371968101}
{"sessionId":"08f52f","hypothesisId":"E","location":"CameraController._Process","message":"lerp_tick","data":{"runId":"post-fix","zoomBefore":1.0440125,"zoomAfter":0.8874107,"target":0.8874107,"dist":0,"zoomValid":true,"sel":"u8s0c0p0"},"timestamp":1779371968125}
{"sessionId":"08f52f","hypothesisId":"C","location":"CameraController._UnhandledInput","message":"wheel_down","data":{"intro":false,"sel":"u8s0c0p0","zoom":0.8874107,"target":0.8874107},"timestamp":1779371968447}
{"sessionId":"08f52f","hypothesisId":"A","location":"CameraController.AdjustZoom","message":"applied","data":{"factor":0.85,"zoomUsed":0.8874107,"targetBefore":0.8874107,"targetAfter":0.7542991,"MinZoom":0.03515625,"MaxZoom":2,"clampedToMin":false,"clampedToMax":false,"sel":"u8s0c0p0"},"timestamp":1779371968448}
{"sessionId":"08f52f","hypothesisId":"C","location":"CameraController._UnhandledInput","message":"wheel_down","data":{"intro":false,"sel":"u8s0c0p0","zoom":0.7542991,"target":0.7542991},"timestamp":1779371968479}
{"sessionId":"08f52f","hypothesisId":"A","location":"CameraController.AdjustZoom","message":"applied","data":{"factor":0.85,"zoomUsed":0.7542991,"targetBefore":0.7542991,"targetAfter":0.6411542,"MinZoom":0.03515625,"MaxZoom":2,"clampedToMin":false,"clampedToMax":false,"sel":"u8s0c0p0"},"timestamp":1779371968480}
{"sessionId":"08f52f","hypothesisId":"C","location":"CameraController._UnhandledInput","message":"wheel_down","data":{"intro":false,"sel":"u8s0c0p0","zoom":0.6411542,"target":0.6411542},"timestamp":1779371968513}
{"sessionId":"08f52f","hypothesisId":"A","location":"CameraController.AdjustZoom","message":"applied","data":{"factor":0.85,"zoomUsed":0.6411542,"targetBefore":0.6411542,"targetAfter":0.5449811,"MinZoom":0.03515625,"MaxZoom":2,"clampedToMin":false,"clampedToMax":false,"sel":"u8s0c0p0"},"timestamp":1779371968513}
{"sessionId":"08f52f","hypothesisId":"E","location":"CameraController._Process","message":"lerp_tick","data":{"runId":"post-fix","zoomBefore":0.6411542,"zoomAfter":0.5449811,"target":0.5449811,"dist":0,"zoomValid":true,"sel":"u8s0c0p0"},"timestamp":1779371968531}
{"sessionId":"08f52f","hypothesisId":"C","location":"CameraController._UnhandledInput","message":"wheel_down","data":{"intro":false,"sel":"u8s0c0p0","zoom":0.5449811,"target":0.5449811},"timestamp":1779371968784}
{"sessionId":"08f52f","hypothesisId":"A","location":"CameraController.AdjustZoom","message":"applied","data":{"factor":0.85,"zoomUsed":0.5449811,"targetBefore":0.5449811,"targetAfter":0.46323398,"MinZoom":0.03515625,"MaxZoom":2,"clampedToMin":false,"clampedToMax":false,"sel":"u8s0c0p0"},"timestamp":1779371968785}
{"sessionId":"08f52f","hypothesisId":"C","location":"CameraController._UnhandledInput","message":"wheel_down","data":{"intro":false,"sel":"u8s0c0p0","zoom":0.46323398,"target":0.46323398},"timestamp":1779371968815}
{"sessionId":"08f52f","hypothesisId":"A","location":"CameraController.AdjustZoom","message":"applied","data":{"factor":0.85,"zoomUsed":0.46323398,"targetBefore":0.46323398,"targetAfter":0.39374888,"MinZoom":0.03515625,"MaxZoom":2,"clampedToMin":false,"clampedToMax":false,"sel":"u8s0c0p0"},"timestamp":1779371968815}
{"sessionId":"08f52f","hypothesisId":"C","location":"CameraController._UnhandledInput","message":"wheel_down","data":{"intro":false,"sel":"u8s0c0p0","zoom":0.39374888,"target":0.39374888},"timestamp":1779371968839}
{"sessionId":"08f52f","hypothesisId":"A","location":"CameraController.AdjustZoom","message":"applied","data":{"factor":0.85,"zoomUsed":0.39374888,"targetBefore":0.39374888,"targetAfter":0.33468655,"MinZoom":0.03515625,"MaxZoom":2,"clampedToMin":false,"clampedToMax":false,"sel":"u8s0c0p0"},"timestamp":1779371968840}
{"sessionId":"08f52f","hypothesisId":"E","location":"CameraController._Process","message":"lerp_tick","data":{"runId":"post-fix","zoomBefore":0.39374888,"zoomAfter":0.33468655,"target":0.33468655,"dist":0,"zoomValid":true,"sel":"u8s0c0p0"},"timestamp":1779371968851}
{"sessionId":"08f52f","hypothesisId":"C","location":"CameraController._UnhandledInput","message":"wheel_down","data":{"intro":false,"sel":"u8s0c0p0","zoom":0.33468655,"target":0.33468655},"timestamp":1779371968865}
{"sessionId":"08f52f","hypothesisId":"A","location":"CameraController.AdjustZoom","message":"applied","data":{"factor":0.85,"zoomUsed":0.33468655,"targetBefore":0.33468655,"targetAfter":0.28448358,"MinZoom":0.03515625,"MaxZoom":2,"clampedToMin":false,"clampedToMax":false,"sel":"u8s0c0p0"},"timestamp":1779371968865}
{"sessionId":"08f52f","hypothesisId":"C","location":"CameraController._UnhandledInput","message":"wheel_down","data":{"intro":false,"sel":"u8s0c0p0","zoom":0.28448358,"target":0.28448358},"timestamp":1779371969083}
{"sessionId":"08f52f","hypothesisId":"A","location":"CameraController.AdjustZoom","message":"applied","data":{"factor":0.85,"zoomUsed":0.28448358,"targetBefore":0.28448358,"targetAfter":0.24181105,"MinZoom":0.03515625,"MaxZoom":2,"clampedToMin":false,"clampedToMax":false,"sel":"u8s0c0p0"},"timestamp":1779371969083}
{"sessionId":"08f52f","hypothesisId":"C","location":"CameraController._UnhandledInput","message":"wheel_down","data":{"intro":false,"sel":"u8s0c0p0","zoom":0.24181105,"target":0.24181105},"timestamp":1779371969106}
{"sessionId":"08f52f","hypothesisId":"A","location":"CameraController.AdjustZoom","message":"applied","data":{"factor":0.85,"zoomUsed":0.24181105,"targetBefore":0.24181105,"targetAfter":0.2055394,"MinZoom":0.03515625,"MaxZoom":2,"clampedToMin":false,"clampedToMax":false,"sel":"u8s0c0p0"},"timestamp":1779371969106}
{"sessionId":"08f52f","hypothesisId":"E","location":"CameraController._Process","message":"lerp_tick","data":{"runId":"post-fix","zoomBefore":0.24181105,"zoomAfter":0.2055394,"target":0.2055394,"dist":0,"zoomValid":true,"sel":"u8s0c0p0"},"timestamp":1779371969124}
{"sessionId":"08f52f","hypothesisId":"C","location":"CameraController._UnhandledInput","message":"wheel_down","data":{"intro":false,"sel":"u8s0c0p0","zoom":0.2055394,"target":0.2055394},"timestamp":1779371969142}
{"sessionId":"08f52f","hypothesisId":"A","location":"CameraController.AdjustZoom","message":"applied","data":{"factor":0.85,"zoomUsed":0.2055394,"targetBefore":0.2055394,"targetAfter":0.1747085,"MinZoom":0.03515625,"MaxZoom":2,"clampedToMin":false,"clampedToMax":false,"sel":"u8s0c0p0"},"timestamp":1779371969143}
{"sessionId":"08f52f","hypothesisId":"C","location":"CameraController._UnhandledInput","message":"wheel_down","data":{"intro":false,"sel":"u8s0c0p0","zoom":0.1747085,"target":0.1747085},"timestamp":1779371969175}
{"sessionId":"08f52f","hypothesisId":"A","location":"CameraController.AdjustZoom","message":"applied","data":{"factor":0.85,"zoomUsed":0.1747085,"targetBefore":0.1747085,"targetAfter":0.14850223,"MinZoom":0.03515625,"MaxZoom":2,"clampedToMin":false,"clampedToMax":false,"sel":"u8s0c0p0"},"timestamp":1779371969176}
{"sessionId":"08f52f","hypothesisId":"C","location":"CameraController._UnhandledInput","message":"wheel_down","data":{"intro":false,"sel":"u8s0c0p0","zoom":0.14850223,"target":0.14850223},"timestamp":1779371969388}
{"sessionId":"08f52f","hypothesisId":"A","location":"CameraController.AdjustZoom","message":"applied","data":{"factor":0.85,"zoomUsed":0.14850223,"targetBefore":0.14850223,"targetAfter":0.1262269,"MinZoom":0.03515625,"MaxZoom":2,"clampedToMin":false,"clampedToMax":false,"sel":"u8s0c0p0"},"timestamp":1779371969388}
{"sessionId":"08f52f","hypothesisId":"E","location":"CameraController._Process","message":"lerp_tick","data":{"runId":"post-fix","zoomBefore":0.14850223,"zoomAfter":0.1262269,"target":0.1262269,"dist":0,"zoomValid":true,"sel":"u8s0c0p0"},"timestamp":1779371969399}
{"sessionId":"08f52f","hypothesisId":"C","location":"CameraController._UnhandledInput","message":"wheel_down","data":{"intro":false,"sel":"u8s0c0p0","zoom":0.1262269,"target":0.1262269},"timestamp":1779371969412}
{"sessionId":"08f52f","hypothesisId":"A","location":"CameraController.AdjustZoom","message":"applied","data":{"factor":0.85,"zoomUsed":0.1262269,"targetBefore":0.1262269,"targetAfter":0.10729287,"MinZoom":0.03515625,"MaxZoom":2,"clampedToMin":false,"clampedToMax":false,"sel":"u8s0c0p0"},"timestamp":1779371969413}
{"sessionId":"08f52f","hypothesisId":"C","location":"CameraController._UnhandledInput","message":"wheel_down","data":{"intro":false,"sel":"u8s0c0p0","zoom":0.10729287,"target":0.10729287},"timestamp":1779371969449}
{"sessionId":"08f52f","hypothesisId":"A","location":"CameraController.AdjustZoom","message":"applied","data":{"factor":0.85,"zoomUsed":0.10729287,"targetBefore":0.10729287,"targetAfter":0.09119894,"MinZoom":0.03515625,"MaxZoom":2,"clampedToMin":false,"clampedToMax":false,"sel":"u8s0c0p0"},"timestamp":1779371969450}
{"sessionId":"08f52f","hypothesisId":"C","location":"CameraController._UnhandledInput","message":"wheel_down","data":{"intro":false,"sel":"u0s0c0p0","zoom":0.09119894,"target":0.09119894},"timestamp":1779372019036}
{"sessionId":"08f52f","hypothesisId":"A","location":"CameraController.AdjustZoom","message":"applied","data":{"factor":0.85,"zoomUsed":0.09119894,"targetBefore":0.09119894,"targetAfter":0.077519104,"MinZoom":0.03515625,"MaxZoom":2,"clampedToMin":false,"clampedToMax":false,"sel":"u0s0c0p0"},"timestamp":1779372019036}
{"sessionId":"08f52f","hypothesisId":"E","location":"CameraController._Process","message":"lerp_tick","data":{"runId":"post-fix","zoomBefore":0.09119894,"zoomAfter":0.077519104,"target":0.077519104,"dist":0,"zoomValid":true,"sel":"u0s0c0p0"},"timestamp":1779372019064}
{"sessionId":"08f52f","hypothesisId":"C","location":"CameraController._UnhandledInput","message":"wheel_down","data":{"intro":false,"sel":"u0s0c0p0","zoom":0.077519104,"target":0.077519104},"timestamp":1779372019078}
{"sessionId":"08f52f","hypothesisId":"A","location":"CameraController.AdjustZoom","message":"applied","data":{"factor":0.85,"zoomUsed":0.077519104,"targetBefore":0.077519104,"targetAfter":0.06589124,"MinZoom":0.03515625,"MaxZoom":2,"clampedToMin":false,"clampedToMax":false,"sel":"u0s0c0p0"},"timestamp":1779372019079}
{"sessionId":"08f52f","hypothesisId":"C","location":"CameraController._UnhandledInput","message":"wheel_down","data":{"intro":false,"sel":"u0s0c0p0","zoom":0.06589124,"target":0.06589124},"timestamp":1779372021121}
{"sessionId":"08f52f","hypothesisId":"A","location":"CameraController.AdjustZoom","message":"applied","data":{"factor":0.85,"zoomUsed":0.06589124,"targetBefore":0.06589124,"targetAfter":0.05600756,"MinZoom":0.03515625,"MaxZoom":2,"clampedToMin":false,"clampedToMax":false,"sel":"u0s0c0p0"},"timestamp":1779372021122}
{"sessionId":"08f52f","hypothesisId":"C","location":"CameraController._UnhandledInput","message":"wheel_down","data":{"intro":false,"sel":"u0s0c0p0","zoom":0.05600756,"target":0.05600756},"timestamp":1779372021164}
{"sessionId":"08f52f","hypothesisId":"A","location":"CameraController.AdjustZoom","message":"applied","data":{"factor":0.85,"zoomUsed":0.05600756,"targetBefore":0.05600756,"targetAfter":0.047606427,"MinZoom":0.03515625,"MaxZoom":2,"clampedToMin":false,"clampedToMax":false,"sel":"u0s0c0p0"},"timestamp":1779372021165}
{"sessionId":"08f52f","hypothesisId":"E","location":"CameraController._Process","message":"lerp_tick","data":{"runId":"post-fix","zoomBefore":0.05600756,"zoomAfter":0.047606427,"target":0.047606427,"dist":0,"zoomValid":true,"sel":"u0s0c0p0"},"timestamp":1779372021200}
{"sessionId":"08f52f","hypothesisId":"C","location":"CameraController._UnhandledInput","message":"wheel_down","data":{"intro":false,"sel":"u0s0c0p0","zoom":0.047606427,"target":0.047606427},"timestamp":1779372021218}
{"sessionId":"08f52f","hypothesisId":"A","location":"CameraController.AdjustZoom","message":"applied","data":{"factor":0.85,"zoomUsed":0.047606427,"targetBefore":0.047606427,"targetAfter":0.040465463,"MinZoom":0.03515625,"MaxZoom":2,"clampedToMin":false,"clampedToMax":false,"sel":"u0s0c0p0"},"timestamp":1779372021219}
{"sessionId":"08f52f","hypothesisId":"C","location":"CameraController._UnhandledInput","message":"wheel_down","data":{"intro":false,"sel":"u0s0c0p0","zoom":0.040465463,"target":0.040465463},"timestamp":1779372021253}
{"sessionId":"08f52f","hypothesisId":"A","location":"CameraController.AdjustZoom","message":"applied","data":{"factor":0.85,"zoomUsed":0.040465463,"targetBefore":0.040465463,"targetAfter":0.03515625,"MinZoom":0.03515625,"MaxZoom":2,"clampedToMin":true,"clampedToMax":false,"sel":"u0s0c0p0"},"timestamp":1779372021254}
{"sessionId":"08f52f","hypothesisId":"E","location":"CameraController._Process","message":"lerp_tick","data":{"runId":"post-fix","zoomBefore":0.040465463,"zoomAfter":0.03515625,"target":0.03515625,"dist":0,"zoomValid":true,"sel":"u0s0c0p0"},"timestamp":1779372021285}
{"sessionId":"08f52f","hypothesisId":"C","location":"CameraController._UnhandledInput","message":"wheel_down","data":{"intro":false,"sel":"u0s0c0p0","zoom":0.03515625,"target":0.03515625},"timestamp":1779372021305}
{"sessionId":"08f52f","hypothesisId":"A","location":"CameraController.AdjustZoom","message":"applied","data":{"factor":0.85,"zoomUsed":0.03515625,"targetBefore":0.03515625,"targetAfter":0.03515625,"MinZoom":0.03515625,"MaxZoom":2,"clampedToMin":true,"clampedToMax":false,"sel":"u0s0c0p0"},"timestamp":1779372021306}
{"sessionId":"08f52f","hypothesisId":"C","location":"CameraController._UnhandledInput","message":"wheel_down","data":{"intro":false,"sel":"u0s0c0p0","zoom":0.03515625,"target":0.03515625},"timestamp":1779372021340}
{"sessionId":"08f52f","hypothesisId":"A","location":"CameraController.AdjustZoom","message":"applied","data":{"factor":0.85,"zoomUsed":0.03515625,"targetBefore":0.03515625,"targetAfter":0.03515625,"MinZoom":0.03515625,"MaxZoom":2,"clampedToMin":true,"clampedToMax":false,"sel":"u0s0c0p0"},"timestamp":1779372021340}
